country_of_origin,country_of_origin_iso,region,subregion,nb_years,cumulative_disaster_impact,avg_population,impact_per_capita,avg_yearly_impact_share,total_drought,total_flood,total_storm,total_earthquake,total_wildfire,total_mass_movement,total_extreme_temp,total_biological,total_idps,total_refugees,dominant_disaster_type
Colombia,COL,Americas,Latin America and the Caribbean,36,15006460,43175659.42,0.34756759254514613,0.00942626306138696,3,92,12,16,4,37,0,7,123440458,5411261,Flood
Venezuela (Bolivarian Republic of),VEN,Americas,Latin America and the Caribbean,34,2604867,26859742,0.096980343295925933,0.0038725708363116368,1,38,6,2,0,4,0,3,0,1943107,Flood
Aruba,ABW,,,3,,107680.33,,,0,0,0,0,0,0,0,0,0,0,Drought
Afghanistan,AFG,Asia,Southern Asia,36,37845073,27163396.36,1.3932378888444699,0.03304012962828505,6,104,9,32,1,28,9,22,36983650,116581084,Flood
Benin,BEN,Africa,Sub-Saharan Africa,33,2225049,9819905.33,0.22658558555011191,0.010614899577936647,0,18,2,0,1,0,0,22,44864,13053,Biological
Bangladesh,BGD,Asia,Southern Asia,36,265592321,146113645.5,1.817710591581948,0.051326215288330292,1,74,116,8,0,6,23,19,0,698112,Storm
China,CHN,Asia,Eastern Asia,36,3023121029,1310104444,2.3075420000636226,0.066203317460763952,34,271,291,145,7,80,13,5,0,5249711,Storm
India,IND,Asia,Southern Asia,36,1461976300,1186971260.44,1.2316863505630149,0.035569192244511,7,248,135,16,3,48,43,41,0,476140,Flood
Iran (Islamic Rep. of),IRN,Asia,Southern Asia,36,58499771,74885790.61,0.78118653115108,0.023669684884526563,2,74,18,75,2,4,0,2,0,3827660,Earthquake
Iraq,IRQ,Asia,Western Asia,36,7277832,30871750.14,0.23574406916542692,0.010012968997936285,2,16,4,2,0,0,0,5,38617565,26800453,Flood
Pakistan,PAK,Asia,Southern Asia,36,124071815,186004481.17,0.66703669837302026,0.017898395987345137,2,103,28,25,1,22,18,14,8504448,2253858,Flood
Tajikistan,TJK,Asia,Central Asia,34,6822040,7754401.91,0.87976353013761643,0.031663039465085321,2,34,2,14,0,15,3,7,577985,913033,Flood
Türkiye,TUR,Asia,Western Asia,36,22902509,71631234,0.3197279695055929,0.0094356949199202733,0,39,12,45,7,9,7,1,0,3519738,Earthquake
Angola,AGO,Africa,Sub-Saharan Africa,36,9326065,22804456.86,0.40895799697400032,0.011809364728372178,7,44,0,0,0,1,0,17,1040036,6368775,Flood
Burundi,BDI,Africa,Sub-Saharan Africa,36,4993914,8999045.78,0.55493817048158134,0.028343795206072487,6,32,8,1,0,3,0,15,3162312,12780453,Flood
Central African Rep.,CAF,Africa,Sub-Saharan Africa,36,2649629,4260646.67,0.6218842366651699,0.018930850285464252,1,20,10,0,3,0,0,12,8346136,8740982,Flood
Chad,TCD,Africa,Sub-Saharan Africa,36,14415389,11951350.67,1.2061723734879393,0.039139413064686865,7,23,1,0,0,1,0,22,3385679,1921017,Flood
Congo,COG,Africa,Sub-Saharan Africa,35,2876004,4242218.4,0.67794812261433779,0.023806692629769866,0,16,1,0,0,0,0,20,694788,528697,Biological
Dem. Rep. of the Congo,COD,Africa,Sub-Saharan Africa,36,31707973,67718361.56,0.46823302087701962,0.0099892118975550923,1,50,6,4,3,12,0,79,70385805,16940850,Biological
Comoros,COM,Africa,Sub-Saharan Africa,33,798368,654390.64,1.2200174569068214,0.10402241557046338,0,2,5,1,0,0,0,6,0,17666,Biological
Eritrea,ERI,Africa,Sub-Saharan Africa,36,5622688,2714002.83,2.0717325460910536,0.6290625976946802,3,2,1,0,0,0,0,2,1100000,12719848,Drought
Ethiopia,ETH,Africa,Sub-Saharan Africa,36,87456509,86949383.25,1.0058324249240722,0.030648489239494155,12,53,1,2,1,10,0,26,21749782,5208829,Flood
Guinea-Bissau,GNB,Africa,Sub-Saharan Africa,36,307717,1531005.42,0.20099014454825848,0.016289931419516346,2,4,3,0,1,0,0,7,195550,75953,Biological
Guinea,GIN,Africa,Sub-Saharan Africa,34,817646,10439954.35,0.078318924811165508,0.002870059474162725,1,17,1,0,1,1,0,16,0,459709,Flood
Haiti,HTI,Americas,Latin America and the Caribbean,36,18921224,9410340.53,2.0106843045846921,0.059804687001311217,5,53,39,4,0,1,0,8,2782267,1087531,Flood
Cote d'Ivoire,CIV,Africa,Sub-Saharan Africa,35,96785,21952454.89,0.004408846322831235,0.00022076128781600373,0,15,0,0,0,2,0,13,3883338,1078003,Flood
Liberia,LBR,Africa,Sub-Saharan Africa,36,1663535,3748963.33,0.44373200057971579,0.038404457802677011,0,8,2,0,0,0,1,13,3123797,8475393,Biological
Mauritania,MRT,Africa,Sub-Saharan Africa,36,9341854,3351895.78,2.7870359400593938,0.11176546626924697,8,19,3,0,0,0,0,4,0,1628955,Flood
Namibia,NAM,Africa,Sub-Saharan Africa,35,5472917,2133544.71,2.5651756737764324,0.10259533861468778,9,18,0,0,0,0,0,6,0,31859,Flood
Nigeria,NGA,Africa,Sub-Saharan Africa,36,36977966,160200219.28,0.23082344185735706,0.00588837852780879,1,62,7,0,0,2,2,62,30920760,4048043,Flood
South Africa,ZAF,Africa,Sub-Saharan Africa,36,31862278,51921866.08,0.61365818302566055,0.01784935780923929,7,49,32,4,11,1,3,6,0,60050,Flood
Rwanda,RWA,Africa,Sub-Saharan Africa,36,2220866,10051589.5,0.2209467467806957,0.010388121566559137,3,27,2,2,0,5,0,11,946877,10647691,Flood
Senegal,SEN,Africa,Sub-Saharan Africa,36,3515620,12495336.5,0.28135456776214068,0.01227765089074865,4,19,3,0,0,0,0,9,0,624942,Flood
Sierra Leone,SLE,Africa,Sub-Saharan Africa,36,369504,5986091.81,0.06172708538433571,0.0032753581618783769,0,13,2,0,2,2,0,15,4763200,4065447,Biological
Somalia,SOM,Africa,Sub-Saharan Africa,36,44606296,11787195.06,3.784301166627094,0.097867236128046153,11,46,7,1,0,0,0,30,41346301,26072550,Flood
Sudan,SDN,Africa,Northern Africa,36,33958332,34713542.47,0.978244500029735,0.031081463780557865,7,39,3,2,1,1,1,38,66385085,24533004,Flood
Syrian Arab Rep.,SYR,Asia,Western Asia,36,33168561,18923524.94,1.7527686357259571,0.10668388121285798,5,5,6,3,4,1,0,1,88087757,74595897,Storm
United Rep. of Tanzania,TZA,Africa,Sub-Saharan Africa,36,19137841,44287052.64,0.43213173737361954,0.013912496541773614,7,50,9,6,1,3,0,31,0,25152,Flood
Uganda,UGA,Africa,Sub-Saharan Africa,36,6523544,31677891.92,0.20593365294512461,0.0074928164323443463,7,39,5,4,0,13,0,38,4276840,723703,Flood
Western Sahara,ESH,,,36,,600000,,,0,0,0,0,0,0,0,0,0,4946720,Drought
Zambia,ZMB,Africa,Sub-Saharan Africa,34,20638406,13889299.88,1.4859212613172921,0.050294867887673067,5,24,0,0,0,1,0,20,0,9654,Flood
Zimbabwe,ZWE,Africa,Sub-Saharan Africa,36,35175554,13190618.19,2.6667100420520891,0.10100411530618275,9,13,9,0,0,0,0,27,442343,340884,Biological
Algeria,DZA,Africa,Northern Africa,36,879446,35616605.94,0.02469202150737718,0.000809540934744402,0,40,2,10,5,1,3,3,0,229348,Flood
Egypt,EGY,Africa,Northern Africa,36,328238,86645824.64,0.0037882725609455184,0.00027928210418497033,0,12,5,3,0,2,4,1,0,386344,Flood
Azerbaijan,AZE,Asia,Western Asia,34,2575271,8893814.29,0.28955754132434264,0.036664288559029638,1,7,0,5,0,1,1,0,20405759,4714121,Flood
Bosnia and Herzegovina,BIH,Europe,Southern Europe,34,1703735,3745022.5,0.45493318130932459,0.02770563433880872,2,21,3,1,0,1,4,2,11097364,8537484,Flood
Cameroon,CMR,Africa,Sub-Saharan Africa,35,3819368,19410336.43,0.19676979912506851,0.0056476188606279744,4,18,0,0,0,6,0,23,8203441,1014591,Biological
State of Palestine,PSE,Asia,Western Asia,36,364141,3610419.5,0.10085836285783412,0.010533912250529104,0,3,4,0,0,0,2,0,0,5199322,Storm
Croatia,HRV,Europe,Southern Europe,34,260444,4251022.03,0.061266208031398747,0.0047234922656156876,1,15,3,3,6,0,8,0,1310183,4351471,Flood
Libya,LBY,Africa,Northern Africa,36,1625365,5989611.81,0.27136399699433317,0.055664738377621252,0,4,1,0,0,0,0,0,2696336,203185,Flood
Sri Lanka,LKA,Asia,Southern Asia,36,24372044,20002074.92,1.2184757882139554,0.033304907060552072,5,69,17,1,0,5,0,8,7505623,4699397,Flood
North Macedonia,MKD,Europe,Southern Europe,33,1361501,1945268.33,0.69990395498136082,0.046121218558247863,1,11,1,1,3,0,6,1,25929,164817,Flood
Morocco,MAR,Africa,Northern Africa,36,3966155,31470377.28,0.12602819994791187,0.0051960774569543844,1,25,4,2,0,1,7,1,0,99653,Flood
Myanmar,MMR,Asia,South-eastern Asia,36,11093307,47970215.61,0.23125405751627495,0.0075296392274302008,0,35,14,7,0,12,2,2,15998553,17548872,Flood
Serbia and Kosovo,SRB,Europe,Southern Europe,36,247064,7275960.86,0.033956202447503393,0.0026601783223422276,0,20,2,1,0,0,11,0,6392186,3852824,Flood
Tunisia,TUN,Africa,Northern Africa,36,267508,10522446.83,0.025422604099322205,0.00316754838862942,0,9,0,0,2,0,0,0,0,61903,Flood
Ukraine,UKR,Europe,Eastern Europe,34,2915964,46837292.56,0.062257313364938963,0.0025136657292158865,1,18,10,0,2,0,8,3,26825002,23796980,Flood
Uzbekistan,UZB,Asia,Central Asia,32,671965,28785386.75,0.023343962887696825,0.0037661534398389517,1,3,0,1,0,2,0,1,0,415940,Flood
Yemen,YEM,Asia,Western Asia,36,3653069,25873971.08,0.14118702491528703,0.0045211299585179226,0,44,7,1,0,3,0,9,41284985,428857,Flood
Jordan,JOR,Asia,Western Asia,36,350276,7362101.42,0.04757826334842781,0.013355363025335961,2,4,2,0,0,0,3,0,0,63504,Flood
Kuwait,KWT,Asia,Western Asia,36,200,2922904.19,6.8425095964533964e-05,0.00011187665822184358,0,2,0,0,0,0,0,0,0,36619,Flood
Lebanon,LBN,Asia,Western Asia,36,5134294,4959935,1.0351534848742978,0.0975830318120034,0,1,8,0,2,0,2,1,458191,391577,Storm
Philippines,PHL,Asia,South-eastern Asia,36,286040810,91625544.31,3.1218456836240196,0.081328685130949124,6,137,265,34,1,27,1,18,1906004,246611,Storm
Qatar,QAT,Asia,Western Asia,32,1500,1590280.22,0.000943229993251779,0.00058122999115755442,0,1,0,0,0,0,0,0,0,1243,Flood
Russian Federation,RUS,Europe,Eastern Europe,36,4914909,145278790.5,0.033830877742611717,0.0010506811364406393,4,71,25,11,24,10,20,11,4189485,3987499,Flood
Saudi Arabia,SAU,Asia,Western Asia,33,31524,23665064.85,0.0013320901591367628,0.00010782764988834927,0,22,1,0,0,0,1,3,0,27469,Flood
Albania,ALB,Europe,Southern Europe,36,1174902,2895078.36,0.40582735713898971,0.020359848192646413,0,16,4,5,1,0,6,2,0,411782,Flood
Armenia,ARM,Asia,Western Asia,34,458759,3119308.76,0.14707072451138259,0.013228975553853448,1,4,6,1,0,1,1,0,365000,1935704,Storm
Belarus,BLR,Europe,Eastern Europe,32,170011,9618361.41,0.017675671855034162,0.0017823491834116345,0,4,2,0,0,0,6,2,0,182074,Extreme Temperature
Bolivia (Plurinational State of),BOL,Americas,Latin America and the Caribbean,36,11352433,9813958.58,1.1567638994604474,0.032139498866744727,10,50,3,2,8,9,4,10,0,14187,Flood
Brazil,BRA,Americas,Latin America and the Caribbean,36,69552706,186419985.25,0.37309683243846303,0.010208590720100271,15,137,22,1,4,16,3,14,0,38876,Flood
Bulgaria,BGR,Europe,Eastern Europe,36,84451,7519679.78,0.011230664402701072,0.00072967018762640169,1,25,6,3,5,0,12,0,0,78322,Flood
Cambodia,KHM,Asia,South-eastern Asia,36,24412689,13614436.75,1.7931471898754825,0.075559218437112413,5,26,9,0,0,0,1,8,720761,932558,Flood
Chile,CHL,Americas,Latin America and the Caribbean,36,5496025,16803090.97,0.32708416618618985,0.01108851784132717,1,30,10,10,22,2,8,1,0,152212,Flood
Costa Rica,CRI,Americas,Latin America and the Caribbean,34,4139955,4391194.65,0.94278558177167093,0.02883693314307665,4,26,12,5,1,1,0,4,0,7447,Flood
Cuba,CUB,Americas,Latin America and the Caribbean,36,33014217,11115222.81,2.9701804073148228,0.098870460584075476,4,21,41,2,1,0,0,2,0,559738,Storm
Cabo Verde,CPV,Africa,Sub-Saharan Africa,26,331098,502370.69,0.65907109047119528,0.08043498600997849,3,3,1,0,0,0,0,3,0,393,Drought
Czechia,CZE,Europe,Eastern Europe,36,1882474,10436721.25,0.18037024798377169,0.011934013534670308,0,17,12,0,0,0,9,0,0,75884,Flood
Dominica,DMA,Americas,Latin America and the Caribbean,26,107857,68397,1.5769258885623643,0.31254135234211294,0,0,4,1,0,0,0,0,0,1115,Storm
Dominican Rep.,DOM,Americas,Latin America and the Caribbean,32,7769153,9732575.81,0.79826277746757612,0.028630625284990052,0,27,36,1,1,0,0,7,0,10372,Storm
Ecuador,ECU,Americas,Latin America and the Caribbean,36,3817055,14482348.94,0.26356601506030247,0.0087629749485365685,3,32,1,13,2,12,0,10,0,42771,Flood
Estonia,EST,Europe,Northern Europe,34,6600,1366060.56,0.0048314109922652426,0.0024852299231734021,0,0,3,0,0,0,6,0,0,14723,Extreme Temperature
France,FRA,Europe,Western Europe,32,4735222,64390559.22,0.0735390724580187,0.002548729002750516,2,50,57,2,8,2,20,0,0,2594,Storm
Gambia,GMB,Africa,Sub-Saharan Africa,36,692912,1857562.03,0.37302226770265018,0.017885253613060696,3,13,6,0,0,0,0,4,0,154833,Flood
Georgia,GEO,Asia,Western Asia,33,1301422,3954437.48,0.32910420381822386,0.015861970916824612,1,21,4,2,0,1,0,0,9234485,457518,Flood
Germany,DEU,Europe,Western Europe,35,584399,82062563.77,0.0071213836509878576,0.00035579789970521,0,18,45,2,0,1,16,1,0,10700,Storm
Ghana,GHA,Africa,Sub-Saharan Africa,36,5118200,24408455.44,0.20968963036802651,0.010051191596212816,0,28,1,0,0,0,0,18,174400,528336,Flood
Guatemala,GTM,Americas,Latin America and the Caribbean,36,22804119,13824883.31,1.6494981184279598,0.044908350632089394,6,33,23,11,3,14,4,9,607550,826543,Flood
Honduras,HND,Americas,Latin America and the Caribbean,36,12994763,7929551.08,1.6387766297783166,0.048155027346135588,11,31,24,2,2,0,0,8,2602386,537195,Flood
Hungary,HUN,Europe,Eastern Europe,36,409763,10004638,0.040957304002403688,0.0029423666601715247,2,15,6,1,0,0,9,0,0,97670,Flood
Israel,ISR,Asia,Western Asia,36,2085192,7348477.06,0.28375838751834503,0.028724026067578595,1,5,5,0,5,0,2,1,0,27660,Flood
Jamaica,JAM,Americas,Latin America and the Caribbean,33,2935163,2708404.67,1.0837239486861514,0.065422086004641264,2,3,21,0,0,0,0,1,0,36675,Storm
Kazakhstan,KAZ,Asia,Central Asia,32,996425,17434186.75,0.057153511906713986,0.0031011724696997259,1,14,1,2,2,1,3,3,0,209453,Flood
Kyrgyzstan,KGZ,Asia,Central Asia,32,2273306,5670631.38,0.40089116178884049,0.02197189016312236,1,7,2,7,0,10,3,5,418069,115915,Mass Movement
Lao PDR,LAO,Asia,South-eastern Asia,36,7416752,6116529.36,1.212575230514825,0.0515325743668621,2,25,14,1,0,0,1,6,0,935440,Flood
Mexico,MEX,Americas,Latin America and the Caribbean,32,17447839,112113369.19,0.15562674751857633,0.0049209581581397014,5,57,99,21,3,10,12,2,1049644,291406,Storm
Mali,MLI,Africa,Sub-Saharan Africa,35,14722379,15728990.94,0.9360027641624229,0.03141961257136424,8,26,0,0,0,0,0,13,3243252,3454433,Flood
Nepal,NPL,Asia,Southern Asia,32,15516686,26659141.66,0.58203996963128979,0.017917715092536275,3,44,6,7,2,20,7,16,150000,146189,Flood
Nicaragua,NIC,Americas,Latin America and the Caribbean,36,4747158,5578226.47,0.85101564514085692,0.029145250987369271,6,18,25,5,3,1,0,11,0,488652,Storm
Paraguay,PRY,Americas,Latin America and the Caribbean,36,3878675,5592239.83,0.693581662374459,0.0319809876155909,7,23,9,0,2,0,3,9,0,2521,Flood
Peru,PER,Americas,Latin America and the Caribbean,36,17289036,28525969.78,0.60608056920359132,0.018301911730982369,5,62,5,29,3,20,11,13,0,173823,Flood
Romania,ROU,Europe,Eastern Europe,36,527025,20937631.28,0.025171185460666681,0.00075760315074398308,1,51,13,3,0,1,22,2,0,312122,Flood
El Salvador,SLV,Americas,Latin America and the Caribbean,36,4048472,6012671.42,0.67332333990145288,0.023885792499792585,6,15,22,6,0,2,1,10,643501,834678,Storm
Spain,ESP,Europe,Southern Europe,32,166843,44640509.69,0.0037374797278965318,0.00012530523171262471,3,27,23,2,15,1,11,2,0,4554,Flood
Viet Nam,VNM,Asia,South-eastern Asia,36,67069479,84643690.5,0.79237422900410959,0.022061845313853513,7,101,127,0,1,7,1,8,0,12475483,Storm
Suriname,SUR,Americas,Latin America and the Caribbean,36,50648,527833.81,0.0959544452570482,0.022648911616572141,0,4,0,0,0,0,0,0,0,21475,Flood
United States of America,USA,Americas,Northern America,35,114480297,301683411.37,0.37947163378848631,0.010308954442088937,20,169,540,18,103,4,22,3,0,49294,Storm
Rep. of Moldova,MDA,Europe,Eastern Europe,33,2908222,2806924.09,1.0360885815968401,0.0829846161470085,3,7,3,0,0,0,3,1,20716,158259,Flood
Turkmenistan,TKM,Asia,Central Asia,32,,5664495.09,,,0,0,0,1,0,0,0,0,0,30299,Earthquake
Andorra,AND,,,23,,76780.61,,,0,0,0,0,0,0,0,0,0,102,Drought
Antigua and Barbuda,ATG,Americas,Latin America and the Caribbean,26,32600,86147.27,0.37842174558861419,0.12989091229058242,0,0,3,0,0,0,0,0,0,1330,Storm
Argentina,ARG,Americas,Latin America and the Caribbean,36,3371696,40096342.58,0.0840898641314357,0.0025435985321599396,4,53,22,2,8,3,7,2,0,15323,Flood
Australia,AUS,Oceania,Australia and New Zealand,26,793334,22965827.04,0.034544107585212612,0.001327380894118905,3,49,48,0,25,0,3,3,0,645,Flood
Austria,AUT,Europe,Western Europe,32,74959,8442706.22,0.008878551267545845,0.0010273703998570092,0,13,13,1,0,3,9,0,0,979,Flood
Bahrain,BHR,,,36,,1030450.08,,,0,0,0,0,0,0,0,0,0,7110,Drought
Belgium,BEL,Europe,Western Europe,31,110168,10914706,0.010093538021088245,0.00095573330823445484,0,10,20,0,0,0,15,0,0,1517,Storm
Bahamas,BHS,Americas,Latin America and the Caribbean,26,55750,370998.19,0.15027027396878256,0.01669953881874946,0,1,16,0,0,0,0,0,0,8848,Storm
Bhutan,BTN,Asia,Southern Asia,35,87624,676033.83,0.1296148155561446,0.024952803882043996,0,4,2,3,1,0,0,1,0,2190568,Flood
Burkina Faso,BFA,Africa,Sub-Saharan Africa,35,14291872,15810324.66,0.903958160880849,0.028928335764119302,7,20,0,0,0,0,0,20,11334375,666120,Flood
Botswana,BWA,Africa,Sub-Saharan Africa,36,658599,1935589.42,0.3402575950917277,0.023458860105433764,4,10,2,0,0,0,0,2,0,3452,Flood
Brunei Darussalam,BRN,Asia,South-eastern Asia,12,,426486.17,,,0,0,0,0,0,0,0,0,0,57,Drought
Canada,CAN,Americas,Northern America,35,536534,33700932.09,0.015920449874661916,0.00046070309396806046,0,38,37,0,22,0,6,4,0,3300,Flood
Cyprus,CYP,Asia,Western Asia,33,3893,1100622.06,0.0035370906502240271,0.00049218695070178534,1,1,1,1,3,0,6,1,1590000,228,Extreme Temperature
Denmark,DNK,Europe,Northern Europe,32,243,5565059.13,4.366530427473221e-05,2.2802872422124048e-05,0,0,8,0,0,0,3,0,0,362,Storm
Djibouti,DJI,Africa,Sub-Saharan Africa,36,1754998,882159.47,1.9894339461991328,0.11653594137888254,7,5,2,0,0,0,0,6,0,99251,Drought
Fiji,FJI,Oceania,Melanesia,34,1936120,879637.94,2.2010419393808083,0.10865571677127021,2,7,24,0,0,0,0,1,0,27465,Storm
Finland,FIN,Europe,Northern Europe,26,400,5383526.23,7.4300743203185914e-05,7.6247175042164686e-05,0,1,0,0,0,0,3,0,0,122,Extreme Temperature
New Caledonia,NCL,Oceania,Melanesia,2,,268510,,,0,0,0,0,0,0,0,0,0,0,Drought
Gabon,GAB,Africa,Sub-Saharan Africa,34,117151,1717861.41,0.068195838848056065,0.0070090881047256753,0,2,4,0,0,0,0,7,0,7793,Biological
United Kingdom of Great Britain and Northern Ireland,GBR,Europe,Northern Europe,32,858454,62810730.59,0.0136673143567195,0.00056644711973096774,1,34,34,1,0,0,14,1,0,4689,Flood
Greece,GRC,Europe,Southern Europe,34,363606,10760406.53,0.0337911025021354,0.0012585481410728658,1,25,9,17,13,0,8,0,0,4207,Flood
"China, Hong Kong SAR",HKG,Asia,Eastern Asia,32,25692,6996241.69,0.0036722573558176557,0.00031375439014900649,0,4,18,0,0,0,0,0,0,2023,Storm
Indonesia,IDN,Asia,South-eastern Asia,36,54182524,237733428.47,0.22791293739462859,0.00592300140293023,4,240,9,103,11,65,0,22,0,494484,Flood
Ireland,IRL,Europe,Northern Europe,27,12674,4586020.81,0.0027636158909391654,0.00049616308834914645,0,5,11,0,0,0,3,1,0,277,Storm
Italy,ITA,Europe,Southern Europe,32,422574,58647901.84,0.0072052705504422557,0.00027677045868145867,6,39,26,14,5,7,14,1,0,3360,Flood
Japan,JPN,Asia,Eastern Asia,28,6212536,126748424.39,0.049014700022970113,0.0017496348842903659,0,29,99,35,3,4,18,0,0,2627,Storm
Kenya,KEN,Africa,Sub-Saharan Africa,36,74601515,39174656.75,1.9043310443300814,0.067235828063993031,14,59,0,2,0,6,0,38,1815000,238371,Flood
Kiribati,KIR,Oceania,Micronesia,18,1805,113392.5,0.015918160372158652,0.005188006397499105,0,2,1,0,0,0,0,0,0,351,Flood
Rep. of Korea,KOR,Asia,Eastern Asia,35,1136892,48720841,0.023334818871455852,0.00073915511108207628,1,28,42,2,7,3,4,3,0,10292,Storm
Dem. People's Rep. of Korea,PRK,Asia,Eastern Asia,29,44770935,25034801.28,1.7883479284162327,0.080075708183077882,3,25,8,0,0,0,1,3,0,17043,Flood
Lithuania,LTU,Europe,Northern Europe,36,780000,3223387.31,0.24198147044125248,0.21180612787713507,3,2,3,0,0,0,9,0,0,13393,Extreme Temperature
Latvia,LVA,Europe,Northern Europe,34,302,2164526.12,0.00013952245599525872,7.4627983515681618e-05,0,1,3,0,1,0,7,1,0,26492,Extreme Temperature
"China, Macao SAR",MAC,Asia,Eastern Asia,25,205,577352.12,0.00035506927730688862,0.00015791471813363515,0,0,3,0,0,0,0,0,0,180,Storm
Madagascar,MDG,Africa,Sub-Saharan Africa,31,16789790,22608236.52,0.74264040842026446,0.02569076953110612,9,12,56,0,0,1,0,11,0,7873,Storm
Maldives,MDV,Asia,Southern Asia,22,33727,421909.73,0.079938901191056178,0.017655427407966794,0,2,1,1,0,0,0,2,0,949,Flood
Malaysia,MYS,Asia,South-eastern Asia,35,3695283,27380248.63,0.13496163055816643,0.00407093298089176,2,73,7,2,4,6,0,11,0,18024,Flood
Malawi,MWI,Africa,Sub-Saharan Africa,36,43222785,14563478.31,2.9678888582208911,0.097869889413442088,9,41,10,2,0,1,0,16,0,8018,Flood
Mongolia,MNG,Asia,Eastern Asia,30,5614335,2840003.17,1.9768763168632615,0.13584588232987449,1,12,10,0,1,1,7,2,0,42470,Flood
Mozambique,MOZ,Africa,Sub-Saharan Africa,36,36368004,22691615.08,1.6027067208059502,0.04934157556363257,13,35,30,1,1,2,0,29,4274556,5613785,Flood
Malta,MLT,Europe,Southern Europe,29,,439152.28,,,0,0,0,0,0,0,2,0,0,245,Extreme Temperature
Mauritius,MUS,Africa,Sub-Saharan Africa,30,137324,1231409.6,0.11151772732647205,0.013743057917504428,1,1,8,0,0,0,0,1,0,2736,Storm
Netherlands (Kingdom of the),NLD,Europe,Western Europe,32,202305,16631445.59,0.012164005760029968,0.002180686056441609,0,2,18,0,0,0,11,1,0,1947,Storm
Niger,NER,Africa,Sub-Saharan Africa,34,34878070,16659738.85,2.0935544253049607,0.061440636658618764,9,34,1,0,0,0,0,38,2937365,328516,Biological
Norway,NOR,Europe,Northern Europe,21,2160,5111922.33,0.00042254163094679255,0.00010379467632683922,0,1,3,0,0,2,3,0,0,186,Storm
Nauru,NRU,,,11,,11190.82,,,0,0,0,0,0,0,0,0,0,47,Drought
New Zealand,NZL,Oceania,Australia and New Zealand,25,650018,4568272.12,0.14228968479224482,0.0077900670202855652,1,16,11,5,1,0,1,0,0,521,Flood
Oman,OMN,Asia,Western Asia,32,27981,3333689.62,0.0083934028501528573,0.0013756948034091977,0,6,9,0,0,0,0,0,0,1231,Storm
Papua New Guinea,PNG,Oceania,Melanesia,31,4386859,7660889,0.57263053935385322,0.022278683397952304,2,16,5,13,1,15,0,7,377809,11431,Flood
Poland,POL,Europe,Eastern Europe,36,421709,37986854.47,0.011101445641106543,0.00058185546393025992,1,12,25,0,1,0,22,0,0,261435,Storm
Portugal,PRT,Europe,Southern Europe,32,208923,10386777.13,0.02011432396071558,0.00099536244366599464,3,8,10,0,13,0,9,0,0,1532,Wildfire
Seychelles,SYC,Africa,Sub-Saharan Africa,36,26016,88638.72,0.29350603605020881,0.043557446581608025,0,2,2,1,0,0,0,2,0,2047,Flood
Singapore,SGP,Asia,South-eastern Asia,32,15084,4854501.72,0.003107219004937138,0.00094409585338714789,0,0,0,0,0,0,0,3,0,1458,Biological
Solomon Islands,SLB,Oceania,Melanesia,31,347156,576440.87,0.60224043346750655,0.037004494197028545,3,5,10,4,0,0,0,2,3011,1525,Storm
Sao Tome and Principe,STP,Africa,Sub-Saharan Africa,32,222204,180651.78,1.2300127818418618,0.33442008274935014,0,1,0,0,0,0,0,2,0,892,Biological
South Sudan,SSD,Africa,Sub-Saharan Africa,15,18363279,10959324.6,1.6755849169756318,0.13930419815978518,2,12,0,0,1,0,0,9,20525592,23809333,Flood
Slovakia,SVK,Europe,Eastern Europe,32,69658,5400714.31,0.012897923491115975,0.0016155153534225689,0,14,5,0,1,0,8,0,0,16480,Flood
Slovenia,SVN,Europe,Southern Europe,33,1575378,2039336.27,0.77249545406908038,0.092993268833915149,0,6,5,2,0,0,5,0,0,77936,Flood
Eswatini,SWZ,Africa,Sub-Saharan Africa,32,2390592,1109513.59,2.1546306538887325,0.21979573649386269,4,3,4,0,1,0,0,2,0,2778,Drought
Sweden,SWE,Europe,Northern Europe,32,13850,9508632.63,0.0014565711544671227,0.00066766116909472,0,1,6,0,1,0,4,1,0,900,Storm
Switzerland,CHE,Europe,Western Europe,32,23499,7875283.47,0.0029838925917075425,0.00021813527717618475,0,7,22,0,0,6,8,0,0,795,Storm
Thailand,THA,Asia,South-eastern Asia,36,109789549,65984724.44,1.6638631126274817,0.050150157412356421,10,93,52,5,1,3,3,4,0,15077,Flood
Timor-Leste,TLS,Asia,South-eastern Asia,27,289925,1122944.44,0.25818285261960128,0.020752529733203753,2,5,2,1,0,0,0,3,233716,386856,Flood
Togo,TGO,Africa,Sub-Saharan Africa,36,706509,6482891.75,0.10898053326279897,0.0069283182265971119,0,15,0,0,0,0,0,11,32531,937923,Flood
Tonga,TON,Oceania,Polynesia,28,228690,105224.07,2.1733620158885429,0.2173021610807884,1,0,10,1,0,0,0,2,0,493,Storm
Trinidad and Tobago,TTO,Americas,Latin America and the Caribbean,32,252177,1332765.5,0.18921333122743653,0.037040918244387919,1,3,2,1,0,1,0,0,0,6622,Flood
Tuvalu,TUV,Oceania,Polynesia,15,,9678.47,,,0,0,0,0,0,0,0,0,0,55,Drought
United Arab Emirates,ARE,Asia,Western Asia,28,534,7098187.68,7.52304706752234e-05,2.5938404320249235e-05,0,3,0,0,0,0,0,0,0,5008,Flood
Uruguay,URY,Americas,Latin America and the Caribbean,36,820440,3295285.72,0.24897385815962714,0.010155055385040555,3,23,9,0,0,0,4,0,0,5617,Flood
Vanuatu,VUT,Oceania,Melanesia,9,834620,306319.78,2.7246689915186675,0.44010129780725293,0,0,5,1,0,0,0,0,0,28,Storm
Samoa,WSM,Oceania,Polynesia,17,18320,204445.71,0.089608142763057758,0.045711319083121232,1,1,2,0,0,0,0,1,0,59,Storm
Tibetan,TIB,,,36,,7000000,,,0,0,0,0,0,0,0,0,0,623590,Drought
Equatorial Guinea,GNQ,Africa,Sub-Saharan Africa,35,24062,1131575.46,0.021264158610115796,0.0043254473116820548,0,1,0,0,0,0,0,2,0,11319,Biological
Montenegro,MNE,Europe,Southern Europe,20,13236,621956,0.021281248191190375,0.0042709654943359513,0,4,0,0,1,0,4,0,32351,23978,Flood
Palau,PLW,Oceania,Micronesia,4,,17736.5,,,0,0,1,0,0,0,0,0,0,10,Storm
Guyana,GUY,Americas,Latin America and the Caribbean,32,1292248,773155.41,1.6713948962314458,0.18841588189652786,2,8,0,0,0,0,0,0,0,10861,Flood
Panama,PAN,Americas,Latin America and the Caribbean,36,293393,3491997.31,0.084018678804027025,0.0031569539937658492,3,33,8,4,1,0,0,5,0,6283,Flood
Belize,BLZ,Americas,Latin America and the Caribbean,30,416637,319358.2,1.3046071777709169,0.12461611303065022,0,3,11,0,1,0,0,0,0,1097,Storm
French Guiana,GUF,Americas,Latin America and the Caribbean,17,70139,292354,0.23991120354091272,0.11995560177045636,0,2,0,0,0,0,0,0,0,154,Flood
Lesotho,LSO,Africa,Sub-Saharan Africa,28,4325183,2073799.14,2.0856325526497468,0.18513387426453937,7,3,6,0,0,0,0,0,0,268,Drought
Holy See,VAT,,,6,,506,,,0,0,0,0,0,0,0,0,0,0,Drought
Barbados,BRB,Americas,Latin America and the Caribbean,27,11360,274768.96,0.041343825290526909,0.005875843778492454,1,0,7,1,0,0,0,0,0,3323,Storm
Bermuda,BMU,Americas,Northern America,6,,63996.5,,,0,0,1,0,0,0,0,0,0,16,Storm
Grenada,GRD,Americas,Latin America and the Caribbean,34,227012,110807.88,2.0486990201376631,0.40170116066558326,2,0,6,0,0,0,0,0,0,4452,Storm
Iceland,ISL,Europe,Northern Europe,27,3864,324662.37,0.011901594864819112,0.0051053920983977364,0,0,0,3,0,0,1,0,0,154,Earthquake
Saint Lucia,LCA,Americas,Latin America and the Caribbean,28,235002,170596.96,1.3775274430230817,0.22796644715070535,1,3,6,1,0,0,0,1,0,10767,Storm
Luxembourg,LUX,Europe,Western Europe,7,1519,648430.86,0.0023425782151902524,0.0024499960483934705,0,0,1,0,0,0,3,0,0,45,Extreme Temperature
Marshall Islands,MHL,Oceania,Micronesia,12,61200,44128.08,1.3868719277406489,0.3636353063969755,3,1,2,0,0,0,0,0,0,55,Drought
Puerto Rico,PRI,Americas,Latin America and the Caribbean,5,155315,3492816.4,0.044466980858197988,0.020998000561640338,1,0,3,0,0,0,0,0,0,36,Storm
Saint Kitts and Nevis,KNA,Americas,Latin America and the Caribbean,24,500,46744.46,0.010696455105640866,0.010626992561105207,0,0,2,0,0,0,0,0,0,537,Storm
Turks and Caicos Islands,TCA,Americas,Latin America and the Caribbean,17,,38154.24,,,0,0,1,0,0,0,0,0,0,222,Storm
Saint Vincent and the Grenadines,VCT,Americas,Latin America and the Caribbean,32,106798,108897.69,0.98071871360904672,0.085365407671468885,1,3,9,0,0,0,0,1,0,18732,Storm
Curacao ,CUW,,,13,,156436.46,,,0,0,0,0,0,0,0,0,0,374,Drought
British Virgin Islands,VGB,Americas,Latin America and the Caribbean,5,,38863.2,,,0,0,0,0,0,0,0,0,0,40,Drought
Monaco,MCO,,,11,,35679.36,,,0,0,0,0,0,0,0,0,0,45,Drought
Liechtenstein,LIE,Europe,Western Europe,4,,39034.75,,,0,0,0,0,0,0,0,0,0,10,Drought
Anguilla,AIA,Americas,Latin America and the Caribbean,6,,15753,,,0,0,0,0,0,0,0,0,0,5,Drought
Guadeloupe,GLP,Americas,Latin America and the Caribbean,10,80002,395726,0.20216513446172352,0.20216513446172352,0,0,2,0,0,0,0,0,0,68,Storm
Martinique,MTQ,Americas,Latin America and the Caribbean,4,,340439,,,0,0,0,0,0,0,0,0,0,0,Drought
Cayman Islands,CYM,Americas,Latin America and the Caribbean,11,,66144.27,,,0,0,0,0,0,0,0,0,0,57,Drought
Cook Islands,COK,Oceania,Polynesia,1,,14987,,,0,0,0,0,0,0,0,0,0,0,Drought
French Polynesia,PYF,Oceania,Polynesia,1,,282465,,,0,0,0,0,0,0,0,0,0,0,Drought
Micronesia (Federated States of),FSM,Oceania,Micronesia,7,43631,112047.29,0.38939809850688034,0.099739445699662768,0,0,5,0,0,0,0,0,0,0,Storm
Gibraltar,GIB,,,1,,27831,,,0,0,0,0,0,0,0,0,0,0,Drought
Niue,NIU,Oceania,Polynesia,15,,1689,,,0,0,0,0,0,0,0,0,0,199,Drought
San Marino,SMR,,,5,,27342,,,0,0,0,0,0,0,0,0,0,20,Drought
