country_iso,year,disaster_events,disaster_deaths,disaster_affected
JAM,1990,1,,300
IDN,1990,7,280,40576
MOZ,1990,2,694,4000
UGA,1990,3,197,1170
NPL,1990,2,180,6300
TZA,1990,3,389,162868
IND,1990,14,2509,4120000
VNM,1990,5,384,512308
GTM,1990,1,200,
VEN,1990,1,74,9506
ZMB,1990,1,85,667
PHL,1990,13,3351,8918873
COK,1990,2,8,1200
CMR,1990,2,118,187072
USA,1990,24,214,14218
NGA,1990,1,60,
MWI,1990,1,,2800000
ESP,1990,3,9,6000000
PER,1990,7,294,2307400
GRC,1990,4,4,61
NER,1990,1,,1630000
SWZ,1990,1,,250000
SDN,1990,2,,608000
BFA,1990,1,,2600000
BOL,1990,1,,283160
YUG,1990,2,,20900
ITA,1990,5,27,2716
MNG,1990,2,36,
AUS,1990,4,12,6800
BGR,1990,1,1,
SUN,1990,9,67,47996
IRN,1990,4,40042,732400
VUT,1990,3,,2
CRI,1990,2,1,14609
ECU,1990,1,4,6510
ZAF,1990,2,12,6
ROU,1990,1,9,700
CHN,1990,18,1324,48277041
GBR,1990,7,83,
PNG,1990,1,,
FJI,1990,3,,6000
PAK,1990,3,40,290
KEN,1990,2,44,
NIC,1990,2,4,106411
BRA,1990,2,24,2800
COL,1990,4,10,20625
BLZ,1990,2,,
ARG,1990,1,21,2000
CHL,1990,1,,2500
CUB,1990,2,4,11000
PRY,1990,1,,15000
TUR,1990,2,69,4500
BGD,1990,8,1041,2070170
MEX,1990,3,463,17900
LKA,1990,2,33,440000
CAN,1990,1,8,
TUN,1990,1,37,152000
ETH,1990,1,,350000
KOR,1990,3,194,189260
COD,1990,1,23,27500
LSO,1990,1,22,
HND,1990,1,5,48000
JPN,1990,3,67,148366
FRA,1990,9,62,
AFG,1990,1,144,
LBR,1990,1,,1000000
AUT,1990,5,3,
FIN,1990,2,,
SWE,1990,2,,
LUX,1990,6,,
IRL,1990,3,2,
CHE,1990,4,5,
DEU,1990,6,64,
BEL,1990,6,16,
DNK,1990,3,3,
NLD,1990,6,20,
NOR,1990,2,,
POL,1990,1,,
WSM,1990,1,8,195000
NIU,1990,1,,200
HTI,1990,1,,
GLP,1990,1,,
TWN,1990,2,5,20000
TON,1990,1,1,3103
TTO,1990,1,,1000
TKL,1990,1,,102
TUV,1990,1,,700
MSR,1990,1,,
KNA,1990,1,,
THA,1990,1,36,
BHS,1990,1,,
TCA,1990,1,,
GRD,1990,1,,1000
ATG,1990,1,,
MTQ,1990,1,8,1500
UGA,1991,1,100,
PER,1991,5,9815,330638
COL,1991,6,457,15121
NGA,1991,2,7689,11200
PAN,1991,4,85,42214
CIV,1991,1,16,50
GHA,1991,2,25,2000000
IDN,1991,12,524,279878
GTM,1991,3,217,50690
TZA,1991,3,574,801733
RWA,1991,1,32,214
ZMB,1991,2,,1713154
SDN,1991,2,12,8600000
ECU,1991,1,343,15131
CHN,1991,13,5392,218875483
NER,1991,2,2842,90147
CMR,1991,2,310,1543
SLV,1991,1,155,5625
CHL,1991,4,142,146051
DZA,1991,1,,204
CAN,1991,2,18,171
KEN,1991,2,26,2700200
BOL,1991,1,329,17665
NIC,1991,2,2,381
VEN,1991,1,18,967
BRA,1991,4,240,34840
MEX,1991,4,88,59000
BFA,1991,1,37,
TCD,1991,2,1301,12218
IND,1991,11,2826,8779383
BGD,1991,8,142134,20037149
NPL,1991,3,1391,45988
MYS,1991,1,263,3750
COD,1991,1,500,
MOZ,1991,1,,3300000
ZAF,1991,2,5,
MLI,1991,1,,302000
THA,1991,4,55,4410812
USA,1991,36,132,3400
NAM,1991,1,,250000
ZWE,1991,1,,5000000
AUS,1991,3,,408
PRT,1991,1,,
ESP,1991,1,,
AFG,1991,6,1427,146600
IRQ,1991,1,20,500
SUN,1991,8,367,298500
CRI,1991,5,48,195590
YEM,1991,2,10,70039
GEO,1991,1,8,3740
IRN,1991,6,78,216515
ROU,1991,3,108,20850
MMR,1991,2,23,360136
PAK,1991,4,872,205044
ETH,1991,1,13,
ITA,1991,1,,7000
PHL,1991,12,6793,2614553
COM,1991,1,,200
JPN,1991,6,144,101148
ARG,1991,1,,63200
MWI,1991,1,472,150000
JOR,1991,2,10,18000
JAM,1991,1,15,551340
TUR,1991,2,43,503
EGY,1991,1,1,208
URY,1991,1,,1500
NZL,1991,1,,128
DOM,1991,1,10,
BEN,1991,1,3,
VNM,1991,7,492,773219
KOR,1991,2,126,22286
KHM,1991,1,100,900000
AUT,1991,2,5,
DEU,1991,2,5,
LAO,1991,2,,370315
LKA,1991,1,27,297151
PNG,1991,1,200,5000
FRA,1991,2,20,
GRC,1991,1,5,
GBR,1991,2,48,
MNG,1991,1,6,
MDV,1991,1,,23849
IRL,1991,1,,
MRT,1991,1,4,300
ISR,1991,1,5,
TWN,1991,1,33,4
MDG,1991,1,36,250000
HKG,1991,1,22,182
WSM,1991,1,13,88000
MUS,1991,1,,7500
MHL,1991,1,,6000
FRA,1992,4,74,7000
SLV,1992,2,2,8350
DOM,1992,1,20,
PER,1992,3,690,1130000
TZA,1992,1,2231,40249
ARG,1992,3,112,91957
CAF,1992,1,56,418
KHM,1992,2,50,380400
ECU,1992,2,222,205000
BTN,1992,1,,494
CAN,1992,3,17,
CMR,1992,1,731,7865
SWZ,1992,1,30,2228
PAN,1992,2,69,50
NGA,1992,2,118,
VEN,1992,1,32,
GTM,1992,2,206,5000
ZWE,1992,1,258,5649
MOZ,1992,1,587,225673
ZMB,1992,1,,11659
BDI,1992,1,220,2068
UGA,1992,1,50,
BGD,1992,6,240,85500
MWI,1992,2,,7000000
NPL,1992,2,696,100000
PHL,1992,9,250,2101704
LAO,1992,3,175,269027
ETH,1992,1,,
LSO,1992,1,,331500
HUN,1992,1,,
CPV,1992,1,,
HTI,1992,1,,1000000
DNK,1992,1,,
AUS,1992,3,2,7000120
BWA,1992,1,,100000
CHN,1992,17,1449,28930168
LTU,1992,1,,
USA,1992,32,98,296471
CRI,1992,1,,1200
POL,1992,1,35,
RUS,1992,3,31,1750
CHL,1992,3,,38000
EGY,1992,1,552,92649
AFG,1992,3,614,4000
JPN,1992,4,11,40466
GEO,1992,1,1,10
KGZ,1992,2,58,136806
DEU,1992,1,1,1525
IDN,1992,4,2632,402157
COD,1992,1,9,311
CUB,1992,2,,14996
PAK,1992,5,1541,12842368
UZB,1992,2,10,50400
DZA,1992,2,21,4508
TUR,1992,2,914,349919
NIC,1992,2,180,306254
BEL,1992,1,,
NLD,1992,2,,20
COL,1992,1,11,1635
IRN,1992,4,68,42750
TJK,1992,3,1601,63500
PNG,1992,2,,90000
VNM,1992,5,287,227056
VCT,1992,1,3,200
ALB,1992,1,11,35000
ITA,1992,2,5,3530
KOR,1992,2,5,711
MMR,1992,1,5,4625
PRY,1992,1,,65575
LKA,1992,2,15,655950
IND,1992,8,1166,3071100
PRI,1992,1,18,600
BRA,1992,5,137,147553
URY,1992,1,,4700
SCG,1992,1,1,6000
HKG,1992,3,7,2068
BOL,1992,3,53,40650
ISR,1992,1,,
MEX,1992,3,83,26000
JOR,1992,1,15,
LBN,1992,1,25,104075
NZL,1992,2,,
SLB,1992,1,,
NOR,1992,1,,
THA,1992,4,6,386446
BHS,1992,1,4,1700
FJI,1992,1,1,2000
VUT,1992,2,2,1160
GUM,1992,1,1,5542
TWN,1992,1,8,
UKR,1992,1,,1000
CMR,1993,1,513,4070
CUB,1993,4,51,771133
BGD,1993,12,684,16625293
USA,1993,30,542,450630
PAK,1993,5,682,261609
AFG,1993,4,225,1000
IND,1993,12,11218,129341050
MRT,1993,1,,446507
TCD,1993,1,,300000
MKD,1993,1,,10000
HTI,1993,2,13,5000
ERI,1993,2,3,1615675
CHL,1993,3,115,3626
IRN,1993,6,805,503780
GUM,1993,1,,71
JPN,1993,9,438,58140
NPL,1993,3,1076,553753
CHN,1993,18,1565,8799913
SDN,1993,2,24,2015
WLF,1993,1,5,20
GRC,1993,2,1,2121
MEX,1993,8,103,338290
PNG,1993,3,68,114240
PER,1993,2,86,219145
CRI,1993,2,12,38691
COL,1993,6,170,86852
MYS,1993,2,102,25000
EGY,1993,1,34,300
IDN,1993,4,134,271017
PHL,1993,11,671,4094420
HND,1993,2,413,82447
TTO,1993,1,5,10
VNM,1993,4,270,53757
THA,1993,5,45,1103261
IRL,1993,1,3,3500
AUS,1993,4,18,3033100
SEN,1993,1,,5000
TZA,1993,2,54,201823
DOM,1993,2,30,20000
JAM,1993,1,9,4372
ARG,1993,4,15,8000
CAN,1993,1,,200
GIN,1993,1,,6066
GBR,1993,2,4,6000
ETH,1993,2,2,34800
RUS,1993,5,478,15013
YEM,1993,1,31,21500
UKR,1993,2,9,325000
NLD,1993,1,1,13000
DZA,1993,2,37,712
LKA,1993,3,73,330130
LUX,1993,1,,
TKM,1993,1,,420
ZAF,1993,2,19,15000
BEL,1993,2,1,3100
FRA,1993,3,16,1720
KAZ,1993,1,10,30000
BLR,1993,1,,40000
DEU,1993,3,11,100000
DJI,1993,1,,20000
ECU,1993,3,460,75065
SLV,1993,1,22,
TUR,1993,1,135,
HKG,1993,7,90,1634
TJK,1993,1,5,75357
KOR,1993,2,43,10318
BGR,1993,1,,5000
CHE,1993,3,2,
AUT,1993,1,,
MNG,1993,1,7,100000
ROU,1993,1,3,200
LTU,1993,1,6,780000
ITA,1993,1,9,1500
URY,1993,1,,2000
LAO,1993,1,8,120
MAC,1993,4,,3986
TUV,1993,1,,150
NIC,1993,1,37,123000
VUT,1993,1,4,12005
NOR,1993,1,,
GNB,1993,1,,1722
FJI,1993,1,21,160003
VEN,1993,1,100,5900
SLB,1993,1,4,88500
REU,1993,1,14,
MTQ,1993,1,2,3010
PRK,1993,1,6,2500
LAO,1994,2,500,198000
UKR,1994,1,71,1333
CPV,1994,1,245,12344
GIN,1994,1,311,24000
IND,1994,6,2448,12496350
DJI,1994,2,155,120239
GNB,1994,1,195,8631
SOM,1994,3,230,17000
KEN,1994,2,1000,7700000
GAB,1994,1,20,
CRI,1994,2,2,2556
NZL,1994,2,,157
CHN,1994,18,3203,226377777
NIC,1994,1,,75000
KHM,1994,2,506,5029000
BOL,1994,3,5,215000
GTM,1994,2,10,600
HND,1994,3,151,15500
PRI,1994,1,,
SLV,1994,1,,
USA,1994,16,275,64602
IDN,1994,15,609,3594156
ECU,1994,1,,
ESP,1994,4,42,16520
CAN,1994,3,,4304
DZA,1994,4,233,43989
ITA,1994,3,72,17700
AUS,1994,9,36,4011784
ARG,1994,1,24,
IRN,1994,6,53,111641
AFG,1994,1,160,100330
VUT,1994,1,,
RUS,1994,9,111,800037
JPN,1994,5,10,1912
PHL,1994,19,418,3147727
UGA,1994,1,7,50000
COL,1994,4,308,55385
PNG,1994,1,5,152002
MEX,1994,2,,75700
THA,1994,7,130,196257
BEL,1994,1,,135
BTN,1994,2,39,65600
BGD,1994,9,350,1054109
FRA,1994,3,13,410
SEN,1994,1,,17500
BEN,1994,1,,34000
ZAF,1994,2,2,13000
SDN,1994,1,8,5965
VEN,1994,2,44,518
TGO,1994,1,,11500
NER,1994,1,60,61992
PER,1994,2,85,101130
MNG,1994,1,5,
LKA,1994,3,,728150
BFA,1994,1,22,66500
DEU,1994,4,13,
PAK,1994,3,352,840036
HKG,1994,1,1,4017
NGA,1994,1,30,580000
CMR,1994,1,6,
GRC,1994,1,14,1000
TJK,1994,1,,6051
VNM,1994,3,361,394034
EGY,1994,1,600,160660
COD,1994,1,39,50
COG,1994,1,,16500
CUB,1994,2,14,149158
MDA,1994,2,50,50580
TZA,1994,2,35,9500
GBR,1994,2,7,700
ROU,1994,3,2,5406
ETH,1994,2,26,43043
KGZ,1994,2,162,58500
BRA,1994,2,,1000
TUR,1994,2,30,8000
CHE,1994,1,3,
NLD,1994,1,,
AUT,1994,1,,
POL,1994,1,1,
JAM,1994,1,4,
KOR,1994,1,28,88
MUS,1994,1,2,2300
MOZ,1994,1,240,2502000
TWN,1994,5,45,588
HTI,1994,1,1122,1587000
MDG,1994,3,212,540051
MMR,1994,1,17,64970
LCA,1994,1,4,750
NIC,1995,4,56,40491
SEN,1995,1,188,3031
BLR,1995,1,13,282
UKR,1995,2,204,1705336
CIV,1995,1,150,2027
AGO,1995,1,,1007
LAO,1995,4,60,1591644
NER,1995,1,3022,63691
RUS,1995,8,2379,153418
BGD,1995,11,2014,17113137
PAN,1995,2,2,2624
MEX,1995,11,299,140460
NPL,1995,4,446,14306
VEN,1995,1,,32280
BRA,1995,6,240,148739
DOM,1995,3,13,4082
ECU,1995,3,3,4289
GTM,1995,2,31,10837
LBR,1995,2,9,2359
SLV,1995,2,13,10796
COD,1995,1,233,
CRI,1995,2,,12848
HND,1995,3,37,41020
COL,1995,6,141,104201
PHL,1995,16,1725,3408697
ERI,1995,1,,
TJK,1995,1,,
CHN,1995,15,2436,143223902
ZMB,1995,1,,1273204
BFA,1995,1,,75590
NAM,1995,1,,163200
ZAF,1995,2,207,304500
GRC,1995,3,52,30974
MYS,1995,2,20,3023
CAN,1995,4,2,12100
ISR,1995,1,,240
CAF,1995,2,,3999
JPN,1995,4,5300,555687
CYP,1995,1,2,1865
IDN,1995,8,239,352104
THA,1995,3,258,4280984
CHL,1995,3,33,11833
EGY,1995,3,49,3069
MMR,1995,2,51,31945
TUR,1995,4,231,479104
NZL,1995,1,,70
MSR,1995,2,,5000
CPV,1995,1,,6306
AZE,1995,3,5,1658800
ARG,1995,4,6,33500
BWA,1995,1,20,5500
IRN,1995,3,27,6261
MAR,1995,3,791,38000
CHE,1995,1,,800
PAK,1995,3,1063,1855000
PRK,1995,2,68,6200000
AFG,1995,3,381,7674
LBY,1995,1,,
BLZ,1995,1,,2600
MRT,1995,1,,600
BEN,1995,1,20,123000
TCD,1995,1,2,80686
MWI,1995,2,1,1300
USA,1995,17,871,207460
MKD,1995,1,,1500
ROU,1995,1,2,19000
IND,1995,9,2934,33838535
PRY,1995,2,,275000
GHA,1995,1,145,700000
ETH,1995,1,27,93875
LKA,1995,1,3,120000
TGO,1995,2,3,185000
VNM,1995,2,269,423051
SOM,1995,1,20,8500
GEO,1995,1,1,300
ALB,1995,2,4,3500
TZA,1995,2,3,21850
NOR,1995,1,1,4000
CUB,1995,3,2,33343
ISL,1995,2,34,83
PER,1995,1,20,
ESP,1995,2,30,70
AUS,1995,5,9,931869
GBR,1995,1,9,
DEU,1995,2,5,30000
DJI,1995,1,,775
LUX,1995,1,,
NLD,1995,1,1,200000
FRA,1995,1,16,5000
BEL,1995,1,6,800
KAZ,1995,1,112,
BHS,1995,1,,
KOR,1995,2,73,5160
ATG,1995,1,2,3702
DMA,1995,2,2,5001
KNA,1995,1,,1800
GLP,1995,1,,
VIR,1995,2,7,10000
MTQ,1995,1,,
PRI,1995,2,1,98000
BRB,1995,1,,
ANT,1995,1,2,40000
GNB,1996,1,961,26967
LBR,1996,1,56,
SDN,1996,5,852,282200
MYS,1996,5,333,10263
NER,1996,2,882,10475
BFA,1996,2,4135,40967
TJK,1996,2,,187516
TCD,1996,1,94,1317
CMR,1996,1,378,2825
MRT,1996,1,46,
ROU,1996,2,16,727
TGO,1996,2,360,2619
MLI,1996,2,345,2208
NGA,1996,2,5539,42586
CYP,1996,1,,280
UGA,1996,1,20,
COD,1996,2,202,1954
RWA,1996,2,10,82106
PRK,1996,2,116,3270200
PHL,1996,7,113,135309
MNG,1996,3,74,5169
GHA,1996,1,411,3757
COL,1996,4,79,183310
SOM,1996,2,250,5657
BGD,1996,8,901,5957010
SWZ,1996,1,80,
ZWE,1996,1,1311,500000
ALB,1996,1,7,66
GAB,1996,1,45,15
SLE,1996,4,238,200953
VNM,1996,7,1056,1051797
NPL,1996,4,926,153098
IND,1996,13,3230,16455533
IDN,1996,9,402,868514
BEN,1996,2,76,148748
DJI,1996,1,,100000
TZA,1996,1,,3000000
MEX,1996,6,16,28830
RUS,1996,4,23,234900
TUR,1996,2,,26506
USA,1996,14,360,247296
ECU,1996,1,27,30705
CHN,1996,20,5612,175303473
HRV,1996,1,,2000
AFG,1996,2,70,13105
GRC,1996,1,,1500
PER,1996,2,21,76722
ISL,1996,1,,
GTM,1996,2,,743
MSR,1996,1,,4000
PNG,1996,3,42,1837
FRA,1996,3,5,1380
ZAF,1996,4,98,7530
AUS,1996,9,21,636133
EGY,1996,2,34,260
AUT,1996,1,,
ITA,1996,3,19,600
CAF,1996,1,7,17500
DOM,1996,2,27,26000
HTI,1996,4,84,155
CIV,1996,1,28,
TTO,1996,1,,200
HND,1996,3,8,75000
LKA,1996,1,,10000
HUN,1996,1,,200
GUY,1996,1,,38000
VEN,1996,2,,51500
GMB,1996,1,,4000
KOR,1996,2,104,60365
CUB,1996,3,3,347542
BRA,1996,4,186,14105
KEN,1996,1,,1000
CRI,1996,3,60,736000
BLR,1996,1,,
PRT,1996,2,11,3050
DZA,1996,1,4,101
CAN,1996,2,10,12000
YEM,1996,2,345,243210
ETH,1996,2,40,115000
THA,1996,2,100,5343386
KHM,1996,1,59,1300000
CZE,1996,1,1,60
MAR,1996,2,39,60000
IRN,1996,4,58,4085
PAK,1996,3,187,1300000
LAO,1996,1,30,420000
ESP,1996,2,100,929
GUF,1996,1,,70000
UKR,1996,1,,10000
JPN,1996,2,20,5741
BOL,1996,1,40,
LCA,1996,1,,175
AZO,1996,1,,60
NZL,1996,1,1,2000
LSO,1996,1,,200
MDG,1996,1,9,100000
NIC,1996,2,44,10724
MTQ,1996,1,,
SLV,1996,1,12,
GBR,1996,1,5,12000
JAM,1996,1,,800
MUS,1996,1,3,
MOZ,1996,1,11,200000
DEU,1996,1,,
IRL,1996,1,2,
TWN,1996,2,65,
PRI,1996,1,18,57315
VGB,1996,1,,3
BFA,1997,1,2274,17996
BEN,1997,2,47,51226
MOZ,1997,5,672,427201
KGZ,1997,2,22,1566
JPN,1997,4,28,67475
IND,1997,13,2556,30418440
BLR,1997,2,5,21995
MWI,1997,3,10,400622
SOM,1997,4,2811,1233044
UGA,1997,4,120,253800
BDI,1997,2,21,24350
BOL,1997,4,74,190734
ESP,1997,3,26,2133
TZA,1997,5,2412,52482
GHA,1997,1,26,159
CMR,1997,2,109,479
MLI,1997,1,1098,9666
SLE,1997,2,51,2024
MYS,1997,5,97,23799
UKR,1997,3,11,102
KEN,1997,6,1318,2533036
PER,1997,4,819,611904
GNB,1997,1,781,22299
COD,1997,4,54,36917
NER,1997,3,262,10656
GMB,1997,1,120,793
TCD,1997,2,239,358835
COG,1997,1,83,485
DZA,1997,2,5,3364
TJK,1997,2,208,15618
IRQ,1997,1,,185
IDN,1997,6,1130,1103175
DJI,1997,1,29,827
LKA,1997,2,46,6695
BGD,1997,9,624,4717962
KHM,1997,2,28,227
CUB,1997,2,3,35823
COK,1997,2,19,1023
NPL,1997,2,104,1364
RUS,1997,4,38,5038
BRA,1997,5,93,88776
MDG,1997,3,174,600000
FRA,1997,3,23,11259
AGO,1997,1,,105000
HND,1997,1,,
SLB,1997,1,,
VNM,1997,4,3692,4081177
ECU,1997,3,245,83007
MRT,1997,1,,21400
ITA,1997,3,36,38100
PRT,1997,3,40,496
NIC,1997,1,,290000
ETH,1997,3,326,1051222
CHN,1997,21,1633,15841183
GUY,1997,1,,607200
PNG,1997,3,92,515500
CAN,1997,3,5,30600
USA,1997,33,252,197266
HRV,1997,1,,
KAZ,1997,2,,608000
CHL,1997,5,44,132448
AUS,1997,4,21,400
IRN,1997,6,2781,224600
PAK,1997,6,362,861484
AFG,1997,4,175,20750
VEN,1997,2,83,22183
TTO,1997,2,,217
MEX,1997,9,567,821755
ARM,1997,2,4,22000
ZAF,1997,2,15,353
MSR,1997,1,32,4000
PRK,1997,2,,29000
ALB,1997,1,,8000
KWT,1997,1,2,200
MAR,1997,1,60,
GEO,1997,3,7,500
TWN,1997,2,54,78
SYC,1997,1,5,1237
EGY,1997,2,22,60
GBR,1997,3,15,1200
MDA,1997,1,9,2244
AZE,1997,1,11,75000
ISR,1997,1,15,
ARG,1997,1,,12500
CHE,1997,1,,
GRC,1997,1,9,
KOR,1997,2,15,115
MMR,1997,1,68,137418
JOR,1997,1,2,
PRY,1997,2,33,75077
AUT,1997,1,3,
SVK,1997,1,1,10000
THA,1997,3,212,50394
SDN,1997,1,8,100000
POL,1997,2,105,224500
HKG,1997,2,81,255
DEU,1997,2,31,6500
HUN,1997,1,,
PHL,1997,4,67,471770
NZL,1997,2,3,340
ROU,1997,2,32,122780
COL,1997,1,2,15000
CZE,1997,1,29,102107
BGR,1997,1,1,200
AZO,1997,1,29,55
NLD,1997,1,2,100
URY,1997,1,1,500
SLV,1997,1,4,2000
GUM,1997,1,,6420
FJI,1997,1,25,3500
TON,1997,1,,3000
BEN,1998,2,78,420527
IND,1998,16,9424,34528987
COD,1998,5,1002,13884
ZWE,1998,4,58,55377
GTM,1998,4,452,107653
MOZ,1998,4,296,5100
KOR,1998,5,503,125729
BOL,1998,3,160,18238
BRA,1998,11,27,10273840
SDN,1998,6,3269,1022403
SOM,1998,2,481,14564
SEN,1998,2,372,302709
NGA,1998,3,54,107211
CMR,1998,3,239,2086
ECU,1998,3,16,2051
BFA,1998,2,26,21141
GHA,1998,1,67,1546
TGO,1998,2,239,34074
UZB,1998,1,40,148
AGO,1998,1,115,1113
AFG,1998,7,7308,165836
RWA,1998,1,55,2951
NIC,1998,6,3339,871822
PER,1998,5,61,36370
TZA,1998,4,2522,45277
UGA,1998,3,30,141800
KHM,1998,2,490,15069
SLE,1998,1,55,1770
PAK,1998,5,1109,213528
KAZ,1998,1,7,593
HND,1998,3,14617,2114452
COM,1998,1,40,3200
KEN,1998,2,67,1225
IDN,1998,7,1490,147613
LBR,1998,2,22,5560
BGD,1998,8,1642,15449294
DJI,1998,1,43,2000
TWN,1998,4,70,650300
SLV,1998,3,475,85670
KGZ,1998,2,1,8186
NPL,1998,4,495,70300
VNM,1998,6,647,2565742
PNG,1998,2,2296,9867
PHL,1998,7,806,9934299
MRT,1998,1,6,344
MYS,1998,4,105,7660
NAM,1998,1,,25000
COL,1998,2,104,100000
FSM,1998,1,,28800
RUS,1998,8,94,291206
ETH,1998,1,,
FJI,1998,1,,263455
GIN,1998,1,12,
CPV,1998,1,,10000
SLB,1998,1,,380
CUB,1998,2,6,967000
IRQ,1998,1,,
CRI,1998,3,8,17150
BRN,1998,1,,
CAN,1998,3,31,13100
MEX,1998,10,849,36338
ESP,1998,2,,600
GRC,1998,2,17,1200
USA,1998,32,366,231842
GNB,1998,1,3,1500
ZAF,1998,2,43,160
SVN,1998,1,,700
IRN,1998,8,211,65930
CHN,1998,18,4501,254900724
ALB,1998,1,,2100
TUR,1998,6,239,2832353
ITA,1998,3,170,4587
AUT,1998,1,,
AZO,1998,1,10,1100
AZE,1998,1,1,700010
AUS,1998,6,20,15175
JPN,1998,7,57,74027
BEL,1998,2,1,140
CZE,1998,1,6,5380
SVK,1998,1,54,11667
LKA,1998,2,3,364485
NLD,1998,2,,2000
POL,1998,2,73,1200
YEM,1998,2,70,3240
ISR,1998,1,,1000
ARM,1998,1,,144
MLI,1998,2,3,6434
ZMB,1998,1,,1300000
ARG,1998,2,19,364000
MDG,1998,1,,20000
TJK,1998,3,62,41890
NER,1998,1,,20000
URY,1998,1,1,9300
PRY,1998,1,55,
TCD,1998,1,,1000
CAF,1998,1,,9200
MWI,1998,1,4,15000
PRK,1998,1,50,10172
GBR,1998,4,39,274000
UKR,1998,1,18,24570
COG,1998,1,,20000
ROU,1998,3,111,13700
NZL,1998,1,,200
FRA,1998,2,15,711
PYF,1998,2,13,511
BGR,1998,1,3,323
CYP,1998,1,52,100
CHE,1998,1,,
DEU,1998,1,3,15
IRL,1998,1,2,
TON,1998,2,,3571
DOM,1998,1,347,975595
HTI,1998,1,190,12029
VUT,1998,1,,2400
PAN,1998,1,3,7500
BLZ,1998,1,9,60000
GLP,1998,1,,
VIR,1998,1,,
PRI,1998,1,,
KNA,1998,1,5,10000
ATG,1998,1,2,2025
ETH,1999,8,57,5047531
GHA,1999,4,76,325798
ZWE,1999,2,52,462
AFG,1999,5,205,113162
CMR,1999,3,38,4115
LBR,1999,1,39,
MDA,1999,2,,3360
NGA,1999,9,705,119977
RWA,1999,4,76,895033
UGA,1999,4,252,702205
ZMB,1999,4,462,13083
BDI,1999,4,86,1297244
KHM,1999,3,63,661253
NER,1999,4,63,25136
SLE,1999,3,146,3231
SOM,1999,1,15,175
SDN,1999,7,395,284800
TJK,1999,3,30,11092
COM,1999,1,14,140
COG,1999,2,17,42099
GIN,1999,1,12,123
ROU,1999,4,34,14106
MDG,1999,2,981,18228
IDN,1999,8,162,37567
AGO,1999,2,188,873
GNB,1999,1,404,2169
IND,1999,13,11459,42047406
BRA,1999,4,35,244
TZA,1999,1,56,529
LSO,1999,1,28,1862
SCG,1999,3,11,71707
KAZ,1999,1,,166
LKA,1999,2,7,380936
CAF,1999,3,14,46005
BOL,1999,3,36,7968
BEN,1999,2,12,57710
KEN,1999,4,1899,23329570
NLD,1999,1,13,200
COD,1999,2,5,78072
NPL,1999,3,352,23012
NIU,1999,1,1,297
PHL,1999,18,380,3492943
SGP,1999,1,1,11
PRY,1999,2,12,42273
DOM,1999,1,16,
RUS,1999,9,208,738471
THA,1999,7,22,6283762
CHN,1999,21,1727,131415462
URY,1999,2,1,1000
IRN,1999,8,102,37032414
PAK,1999,6,446,2737394
ISR,1999,1,,
SYR,1999,1,,329000
MEX,1999,11,724,825925
MAR,1999,1,,275000
USA,1999,22,485,3059989
ERI,1999,1,,2300000
LAO,1999,1,,20000
JOR,1999,1,,180000
VNM,1999,5,799,7183281
KIR,1999,1,,84000
ESP,1999,3,6,20
MUS,1999,2,,1000
NIC,1999,4,11,112800
CAN,1999,3,7,5700
FRA,1999,7,169,3504402
CUB,1999,2,4,254990
ITA,1999,2,1,
CHL,1999,1,,1000
BTN,1999,1,,
ARG,1999,1,,
AUS,1999,5,8,12697
ZAF,1999,5,57,24085
COL,1999,7,1276,1360723
AZE,1999,1,1,9168
BGD,1999,12,330,612130
TUR,1999,6,17982,1584792
DZA,1999,2,34,15877
GTM,1999,2,14,6303
GRC,1999,1,143,115139
PER,1999,5,115,500530
VUT,1999,2,44,14100
TWN,1999,2,2265,108918
ECU,1999,1,,24200
PAN,1999,2,1,895
VEN,1999,3,30005,543503
PRK,1999,1,42,42135
TCD,1999,1,,173506
MMR,1999,1,22,50000
BFA,1999,1,6,1560
GMB,1999,1,53,32000
KOR,1999,2,68,30722
MWI,1999,1,,2000
HND,1999,1,34,503001
CRI,1999,1,9,9993
MLI,1999,1,2,2200
HTI,1999,1,13,50
MRT,1999,3,1,23977
YEM,1999,1,,19750
MYS,1999,1,1,2000
PNG,1999,1,2,38000
AUT,1999,2,53,10000
CHE,1999,3,45,
HUN,1999,3,50,133495
GBR,1999,3,11,1000
SVK,1999,1,2,36148
SLV,1999,1,7,5450
JPN,1999,3,86,51477
NZL,1999,1,,350
MOZ,1999,1,23,70000
BLR,1999,1,2,2000
DEU,1999,4,30,100000
TGO,1999,1,,65000
UZB,1999,1,24,
POL,1999,2,157,
LTU,1999,2,34,
IRL,1999,1,8,
BEL,1999,2,2,905
DNK,1999,1,7,240
LVA,1999,1,6,
SWE,1999,1,3,
BIH,1999,1,,1090
SPI,1999,1,,
BGR,1999,1,,850
SEN,1999,2,187,95853
DMA,1999,1,,715
ATG,1999,2,2,5957
AIA,1999,1,,150
GLP,1999,1,4,899
MTQ,1999,1,,600
LCA,1999,1,,200
PRI,1999,1,1,
VCT,1999,1,,100
NCL,1999,1,,
FJI,1999,1,12,1772
HKG,1999,1,2,493
BHS,1999,1,1,
GRD,1999,1,,210
VIR,1999,1,3,
KNA,1999,1,,1180
THA,2000,6,198,3366966
IND,2000,20,2810,100424940
CAF,2000,3,448,2572
SAU,2000,2,133,497
TCD,2000,2,1209,9673
GMB,2000,1,21,116
KEN,2000,5,50,721
MWI,2000,2,83,23323
LVA,2000,1,,102
AGO,2000,6,77,79128
ZAF,2000,5,268,90857
NAM,2000,2,14,5058
LSO,2000,1,28,1834
SDN,2000,2,186,2002363
BEN,2000,3,351,7762
ZWE,2000,4,182,268812
SWZ,2000,2,32,273449
NER,2000,4,192,5310
ZMB,2000,3,163,13224
DJI,2000,1,4,419
SOM,2000,8,709,1575990
ETH,2000,9,495,37203
TZA,2000,6,74,3506
CMR,2000,2,25,565
FSM,2000,1,19,3431
LBR,2000,2,13,112
UGA,2000,4,259,10723
BDI,2000,4,308,731191
NGA,2000,12,135,8055
RWA,2000,1,10,164
AFG,2000,5,594,2582228
MHL,2000,1,6,218
LAO,2000,3,59,459685
PAK,2000,4,133,258
MYS,2000,4,16,9488
BGD,2000,15,222,2853011
IRN,2000,5,88,8915
RUS,2000,23,284,99405
SLE,2000,1,38,
PHL,2000,13,748,6425002
COD,2000,2,26,63
MOZ,2000,7,843,4519987
ECU,2000,5,86,100637
IRL,2000,2,3,4174
NPL,2000,3,463,50662
BIH,2000,3,6,803
LKA,2000,4,12,775113
YEM,2000,1,32,289
COG,2000,1,24,
KAZ,2000,2,,2614
SGP,2000,1,2,2022
ISR,2000,3,15,549
SLV,2000,3,27,711
IDN,2000,15,564,804449
GIN,2000,1,190,322
KOR,2000,6,61,44864
AUS,2000,6,1,2150
PER,2000,3,33,50
TJK,2000,2,,3006000
USA,2000,31,162,88061
AZE,2000,3,42,3294
GEO,2000,1,,696000
NIC,2000,5,9,15487
CHN,2000,28,663,25392373
MDA,2000,2,2,2600000
CUB,2000,2,2,675
MNG,2000,3,23,1521000
BGR,2000,4,14,167
JAM,2000,1,,
CYP,2000,3,5,400
MDG,2000,3,153,1337499
UZB,2000,1,,600000
HND,2000,2,,1125
JOR,2000,3,9,150212
ROU,2000,5,29,63831
ARM,2000,1,,297000
BOL,2000,4,36,52287
GRC,2000,6,37,7485
ARG,2000,8,37,38570
ESP,2000,3,26,8500
MKD,2000,1,,
HRV,2000,3,41,800
TUR,2000,5,16,25730
SVK,2000,1,6,
ISL,2000,2,,199
JPN,2000,8,32,576783
PNG,2000,1,2,5000
COL,2000,4,115,79430
TKM,2000,1,11,
MEX,2000,7,236,73300
GTM,2000,3,36,3786
FRA,2000,6,9,2509
DZA,2000,1,28,100
GBR,2000,5,19,64104
CHL,2000,3,16,181667
MAR,2000,3,6,950
MLI,2000,1,15,
NZL,2000,2,,
ITA,2000,4,44,50322
URY,2000,3,7,5500
NOR,2000,1,,600
HTI,2000,1,12,1200
VEN,2000,2,15,27004
PAN,2000,1,1,1000
BTN,2000,1,200,1000
SCG,2000,3,3,6070
CZE,2000,1,3,
VNM,2000,11,592,5039580
BRA,2000,5,108,230000
HUN,2000,1,1,2000
KHM,2000,1,347,3448053
BWA,2000,1,3,138776
AUT,2000,2,13,
CRI,2000,1,7,200
GUF,2000,1,10,5
CHE,2000,1,16,1500
EGY,2000,1,3,105
POL,2000,1,84,
UKR,2000,4,10,48110
BLR,2000,1,,
PRY,2000,1,8,
KGZ,2000,1,11,
PRT,2000,1,5,183
CAN,2000,1,11,840
TWN,2000,2,103,2102
PRK,2000,1,46,627180
BLZ,2000,1,14,62570
REU,2000,1,2,600
MOZ,2001,4,86,849937
NGA,2001,8,744,92553
COD,2001,11,900,24120
SAU,2001,1,35,74
GHA,2001,3,24,145166
TZA,2001,5,43,1565
ETH,2001,5,434,47666
BEN,2001,3,378,9760
BFA,2001,4,2978,20820
KEN,2001,4,40,743
TGO,2001,2,235,1567
IND,2001,21,21045,27017741
AFG,2001,5,485,204695
AGO,2001,3,136,40260
GIN,2001,2,21,220143
NER,2001,5,577,3652625
SCG,2001,2,,6320
CMR,2001,4,61,2042
CAF,2001,2,346,4473
TCD,2001,3,213,979207
ESP,2001,2,12,751
MWI,2001,5,1190,549016
CIV,2001,2,196,3180
UGA,2001,4,26,4175
SLE,2001,1,12,3
SOM,2001,2,33,6611
GBR,2001,3,11,1180
ZMB,2001,2,16,618325
NPL,2001,3,170,21261
NAM,2001,2,134,12098
PAK,2001,6,257,1319983
CAN,2001,3,12,1629
PNG,2001,2,,1596
GAB,2001,1,50,10
COG,2001,1,19,13
RUS,2001,11,798,394027
CHN,2001,33,922,40370434
KOR,2001,4,81,310300
DJI,2001,1,,100000
BRA,2001,5,98,1014446
SWZ,2001,1,,970000
GTM,2001,4,55,122044
HND,2001,2,21,281321
MLI,2001,2,2,3500
ZWE,2001,2,13,6030000
NIC,2001,2,16,212866
SLV,2001,4,1159,1991550
MRT,2001,2,,1003000
LKA,2001,2,,1000160
KHM,2001,2,56,1969182
USA,2001,27,153,205392
COL,2001,6,99,13732
BGR,2001,1,,
PRT,2001,2,6,983
ARG,2001,7,35,256950
ZAF,2001,6,50,43308
AUS,2001,9,6,8608
PER,2001,7,186,420558
IDN,2001,9,587,122116
GRC,2001,3,11,1350
JPN,2001,6,25,21287
TUR,2001,7,50,3731
IRN,2001,5,476,1206534
VUT,2001,3,2,5300
PHL,2001,11,630,3624958
ITA,2001,1,,
ECU,2001,3,58,32300
VNM,2001,7,392,1809090
WSM,2001,1,,
THA,2001,6,189,465389
MYS,2001,4,11,33200
FRA,2001,7,17,17302
MEX,2001,5,26,6400
PRK,2001,2,124,187584
YEM,2001,3,63,
RWA,2001,2,12,3000
PAN,2001,1,,775
GMB,2001,1,1,250
CRI,2001,1,,1437
CHL,2001,3,2,14959
URY,2001,1,,5000
SPI,2001,1,7,300
KAZ,2001,2,3,3680
BGD,2001,7,253,730750
TJK,2001,3,1,3185
NOR,2001,1,,1500
LAO,2001,1,,453000
POL,2001,2,297,15000
SVK,2001,1,1,
SDN,2001,1,3,97000
MMR,2001,1,51,3750
BOL,2001,1,41,357250
UKR,2001,1,9,300000
ROU,2001,3,17,14803
TLS,2001,1,1,2508
MAR,2001,1,15,300
HRV,2001,1,,1200
BIH,2001,1,,9000
HTI,2001,2,26,5081
PRI,2001,1,2,9480
DZA,2001,1,921,45423
HUN,2001,2,81,10000
LVA,2001,1,21,
MKD,2001,1,15,
LTU,2001,1,20,
NZL,2001,1,,
MNG,2001,1,16,175000
SYR,2001,1,27,172
SHN,2001,1,,300
LSO,2001,2,1,2001
GEO,2001,1,,900
BLZ,2001,1,30,20000
TWN,2001,4,194,652333
BHS,2001,1,,
CYM,2001,1,,
JAM,2001,1,1,200
TON,2001,1,,16500
DOM,2001,1,3,175
CUB,2001,1,5,5900012
COK,2001,1,,744
ZWE,2002,2,4,452
COD,2002,11,2742,652315
AFG,2002,16,4083,313670
CHN,2002,28,1446,285289853
RWA,2002,3,197,22279
ZAF,2002,9,126,118568
CIV,2002,3,77,861
NGA,2002,9,315,4103
MWI,2002,5,725,3226548
TZA,2002,3,20,3349
TGO,2002,1,95,494
IDN,2002,15,290,609377
SDN,2002,4,82,101281
SEN,2002,4,46,463181
BEN,2002,1,50,452
PAN,2002,3,5,26673
NER,2002,3,320,4559
SOM,2002,2,93,1191
GIN,2002,1,23,123
MLI,2002,2,35,22801
MOZ,2002,4,29,606545
BDI,2002,5,87,10163
LBR,2002,1,,661
USA,2002,31,444,176761
ALB,2002,3,7,192110
NPL,2002,3,564,266065
SWE,2002,2,1,350
PAK,2002,10,213,159918
MKD,2002,2,,1850
IND,2002,18,2991,342028850
BGD,2002,7,928,1701304
GTM,2002,4,71,102756
BRA,2002,6,161,322730
MDG,2002,4,693,1150075
SLV,2002,3,7,2999
HND,2002,4,18,227219
PNG,2002,6,183,20859
ITA,2002,8,37,29559
DEU,2002,5,49,330727
ETH,2002,2,34,4000
ECU,2002,6,91,204383
CAF,2002,2,7,1477
CAN,2002,3,2,739
COG,2002,2,128,53015
NAM,2002,1,,345000
CPV,2002,1,,30000
GMB,2002,1,,
AUS,2002,5,2,373
VNM,2002,6,147,2733616
GNB,2002,1,,100000
LSO,2002,1,,500000
PER,2002,5,82,119050
PHL,2002,12,320,1211212
THA,2002,6,190,8354124
MEX,2002,8,103,516830
KHM,2002,2,29,2120000
UGA,2002,4,96,655960
CHL,2002,5,19,255642
NIC,2002,3,2,29846
RUS,2002,11,572,409795
JPN,2002,6,7,101047
IRN,2002,9,291,351656
TJK,2002,6,35,5801
TWN,2002,2,5,500
SCG,2002,2,3,4000
ARG,2002,4,7,11927
VUT,2002,3,,4004
TUR,2002,3,86,255327
GEO,2002,1,6,19156
EGY,2002,3,18,1120
GRC,2002,5,2,569
FRA,2002,4,30,13053
HTI,2002,2,35,38589
ROU,2002,4,23,19201
KEN,2002,5,101,175008
IRL,2002,1,,300
BEL,2002,4,5,2400
BGR,2002,1,1,
MRT,2002,1,25,27500
MDA,2002,1,1,500
URY,2002,2,2,4000
COL,2002,5,135,126538
YEM,2002,4,53,700
DOM,2002,1,3,1750
GBR,2002,5,15,1070
MMR,2002,1,21,50000
LAO,2002,1,2,150000
CRI,2002,2,10,95040
PRT,2002,1,1,252
CUB,2002,3,3,358970
NZL,2002,1,,300
JAM,2002,3,13,26500
VEN,2002,1,4,55376
CZE,2002,2,20,200000
SAU,2002,1,19,
KOR,2002,4,225,92632
HUN,2002,1,,1430
DZA,2002,2,42,2305
BOL,2002,2,96,17231
AUT,2002,3,12,60300
SVK,2002,1,,
LKA,2002,1,2,500000
SPI,2002,1,16,430
GHA,2002,2,4,2200
PRY,2002,2,,15265
PRK,2002,2,3,65844
MAR,2002,1,80,15017
MYS,2002,2,12,155
SYR,2002,1,80,23
KGZ,2002,1,,1002
CHE,2002,2,2,233
POL,2002,3,192,
NLD,2002,1,4,
DNK,2002,1,1,
MNG,2002,1,3,665000
LBN,2002,1,,500
GRD,2002,1,,75
VCT,2002,1,4,1000
FSM,2002,2,47,1623
SYC,2002,1,,6800
BRB,2002,1,,2000
CYM,2002,2,,300
MNP,2002,1,,300
MUS,2002,1,3,1050
REU,2002,1,,3100
SLB,2002,1,,1110
GUM,2002,2,1,15144
BFA,2003,2,1058,19266
BEN,2003,1,3,265
MOZ,2003,9,217,681647
TGO,2003,1,40,790
LBR,2003,2,,19418
CAF,2003,2,23,619
ZWE,2003,3,50,18750
COD,2003,7,815,44455
ZMB,2003,3,183,14835
TCD,2003,1,11,131
BDI,2003,2,6,230
NER,2003,2,202,31861
IRQ,2003,1,,17227
UGA,2003,3,60,2442
MLI,2003,2,106,11216
TJK,2003,4,7,8192
SLV,2003,1,304,50000
SDN,2003,2,47,325234
SLE,2003,1,10,90
THA,2003,5,16,112704
VNM,2003,5,143,421849
COG,2003,1,29,2
GIN,2003,1,24,43
NCL,2003,2,2,1537
HTI,2003,6,128,197745
IND,2003,17,2251,8098044
TZA,2003,2,,1902000
IDN,2003,16,534,688005
RUS,2003,5,3,1002405
ARG,2003,4,39,163900
RWA,2003,2,,1007016
BIH,2003,1,,62575
CHN,2003,27,1092,219552435
ETH,2003,2,119,12710000
HRV,2003,3,788,
HUN,2003,1,,
FRA,2003,6,19511,30074
PRT,2003,3,2710,150036
MEX,2003,9,70,241653
USA,2003,23,231,274916
AUS,2003,10,6,5190
ESP,2003,2,15095,200
GTM,2003,2,22,220
CAN,2003,7,7,2670
CHL,2003,1,,285
AFG,2003,9,137,4754
KAZ,2003,1,3,36626
CRI,2003,2,3,2635
JPN,2003,6,46,24484
BGD,2003,7,520,553125
DOM,2003,4,21,77478
IRN,2003,7,26817,298423
DZA,2003,7,2369,210511
TUR,2003,3,177,290930
ITA,2003,4,20092,1582
PAN,2003,3,2,2415
MNP,2003,1,,
ECU,2003,2,,32905
MWI,2003,2,12,19500
NAM,2003,1,2,12000
MKD,2003,2,2,4750
MYS,2003,3,8,18800
ROU,2003,3,5,850
LKA,2003,1,235,695000
ASM,2003,1,6,3
PHL,2003,10,350,687749
PAK,2003,6,529,1268800
MNG,2003,1,15,1650
MAR,2003,1,35,10000
BOL,2003,4,143,58530
TLS,2003,2,3,1050
HND,2003,2,10,3105
GRC,2003,2,3,450
AZE,2003,1,,31500
SAU,2003,2,12,13050
BRA,2003,5,255,205981
CUB,2003,1,,600
BEL,2003,2,1175,
LBN,2003,1,,17000
COL,2003,4,115,40531
NGA,2003,1,16,210000
AGO,2003,2,15,825
VEN,2003,2,1,650
ERI,2003,1,,
MDG,2003,4,105,186120
PER,2003,3,361,1905350
UKR,2003,1,,600
SOM,2003,2,1,300
KEN,2003,2,40,60300
YEM,2003,1,15,
NPL,2003,2,287,59254
TUN,2003,1,8,27000
ZAF,2003,2,1,1100
PRI,2003,2,2,2505
MRT,2003,1,9,21000
SEN,2003,1,8,7769
GNB,2003,1,,
URY,2003,1,,200
PNG,2003,2,13,621
KGZ,2003,1,38,211
CMR,2003,1,20,100
LVA,2003,1,15,
DEU,2003,3,9370,
GBR,2003,1,301,
NLD,2003,1,965,
LUX,2003,1,170,
SVK,2003,1,,
CZE,2003,1,418,
AUT,2003,1,345,
CHE,2003,2,1040,7
SVN,2003,1,289,
OMN,2003,1,30,
GMB,2003,1,3,8019
NZL,2003,1,2,
COM,2003,1,,300
CYP,2003,1,,30
FJI,2003,1,17,30000
HKG,2003,2,4,3533
KOR,2003,1,130,80000
SLB,2003,2,,425
FSM,2003,1,,1000
TWN,2003,1,3,
BMU,2003,1,4,
RWA,2004,1,4,540
TCD,2004,3,144,3567
COD,2004,5,706,46220
PHL,2004,13,1950,3263076
CMR,2004,1,46,2924
BFA,2004,2,527,2783
KEN,2004,5,143,2312141
SDN,2004,3,98,8114
GIN,2004,2,100,1869
SEN,2004,3,8,1861
NGA,2004,9,266,31797
ZAF,2004,3,5,15015174
NER,2004,3,154,20132
UGA,2004,3,3,30053
GNB,2004,2,6,1199
SLE,2004,2,66,633
PAK,2004,4,31,13248
GNQ,2004,1,15,946
BGD,2004,10,1034,36889954
IDN,2004,18,166604,797313
LKA,2004,3,35493,1234306
EGY,2004,2,13,162
AGO,2004,5,357,358745
GAB,2004,1,1,100
CPV,2004,1,,
GMB,2004,2,2,6137
MLI,2004,1,,
AUS,2004,7,6,4265
MAR,2004,2,628,13465
MRT,2004,1,,400000
PER,2004,4,101,2145043
BOL,2004,1,,55000
TZA,2004,2,10,254000
BRA,2004,5,39,155314
CUB,2004,3,4,247250
PRT,2004,2,2,
SOM,2004,3,298,306583
HND,2004,1,,137500
USA,2004,20,219,5100537
ESP,2004,3,29,1700
KOR,2004,7,24,9768
RUS,2004,8,36,13720
TUR,2004,9,79,88652
COL,2004,4,116,540020
DMA,2004,1,,100
GLP,2004,1,1,153
DEU,2004,2,2,150
SVN,2004,1,1,605
CHN,2004,24,807,52949587
TJK,2004,2,,400180
AFG,2004,3,18,5540
JPN,2004,12,271,421619
CRI,2004,3,10,3336
IRN,2004,3,69,7041
DZA,2004,4,22,27880
BDI,2004,4,3,25620
MMR,2004,2,307,40700
IND,2004,7,17737,33860512
SYC,2004,1,3,4830
MDV,2004,1,102,27214
MYS,2004,6,97,77101
THA,2004,7,8375,583167
PNG,2004,2,,19600
NZL,2004,2,4,5350
FJI,2004,2,16,5600
ROU,2004,6,49,30528
CAF,2004,1,3,12702
DJI,2004,1,51,100000
CAN,2004,4,,1000
MEX,2004,3,52,4090
VNM,2004,6,189,535923
GBR,2004,1,,1008
PAN,2004,3,16,22748
DOM,2004,4,703,24261
NPL,2004,1,185,800015
CHL,2004,2,3,9000
GEO,2004,2,1,90
PRK,2004,2,24,199705
NAM,2004,2,,25000
BWA,2004,1,,4960
ZMB,2004,1,2,196398
HTI,2004,3,5422,353377
PRI,2004,3,2,3500
BTN,2004,1,,
ARG,2004,3,10,6307
SVK,2004,2,3,10554
VEN,2004,2,40,5730
KHM,2004,1,,
ARM,2004,1,1,
BIH,2004,2,,278000
SAU,2004,1,5,430
HUN,2004,1,,393
MKD,2004,2,15,100000
POL,2004,1,1,600
ERI,2004,1,,7013
ALB,2004,2,3,2500
KGZ,2004,3,49,98
NIC,2004,2,29,5969
TTO,2004,2,3,1760
KAZ,2004,1,48,
PRY,2004,1,,
URY,2004,1,,2000
SPI,2004,1,13,113
SYR,2004,1,5,180
ITA,2004,1,2,200
CYP,2004,1,,10
IRL,2004,1,,200
GRC,2004,2,,
FRA,2004,1,11,
VUT,2004,1,2,54008
BHS,2004,3,12,9000
GRD,2004,1,39,113700
JAM,2004,2,16,350126
LCA,2004,1,,
TWN,2004,5,79,8873
NIU,2004,1,1,702
WSM,2004,1,1,
MDG,2004,2,395,1032429
MNP,2004,1,3,200
CYM,2004,2,2,
TCA,2004,1,,200
VCT,2004,1,,1004
VIR,2004,1,,
ASM,2004,1,,23060
TON,2004,1,,
FSM,2004,1,1,6008
GUM,2004,2,1,300
BRB,2004,1,1,880
SDN,2005,5,655,168234
CIV,2005,1,40,210
SEN,2005,2,303,73022
COD,2005,5,115,11766
IND,2005,31,5041,28669359
UGA,2005,3,21,600726
PAK,2005,11,74204,12655663
ZWE,2005,2,87,1183
KEN,2005,6,106,3537845
GHA,2005,1,40,2248
CHN,2005,31,1058,83943274
BFA,2005,1,9,606
GIN,2005,1,72,1884
STP,2005,1,25,1349
CMR,2005,2,44,1400
NGA,2005,6,779,27877
AFG,2005,13,570,44720
NER,2005,2,44,3000387
LBR,2005,1,29,674
BEN,2005,1,4,206
ETH,2005,8,285,2852382
MLI,2005,5,43,1002028
GNB,2005,1,399,25111
MRT,2005,2,55,10085
ZMB,2005,3,21,1211615
TZA,2005,3,9,16124
VNM,2005,11,324,870136
TLS,2005,1,22,336
COM,2005,3,1,285358
TCD,2005,1,115,6000
COG,2005,2,11,2002
YEM,2005,4,87,911
SOM,2005,5,27,7719
REU,2005,1,,157000
IDN,2005,10,1238,153126
MOZ,2005,3,16,1447837
BRA,2005,4,49,41344
MWI,2005,3,12,5144508
MDG,2005,4,107,81602
BDI,2005,2,120,2155000
PRY,2005,1,,52990
THA,2005,6,86,822810
KHM,2005,2,16,600000
DJI,2005,1,,150000
BOL,2005,1,,3000
KOR,2005,5,29,17750
CAN,2005,5,4,5900
AUS,2005,4,16,4420
PRT,2005,2,477,136
MYS,2005,3,13,30600
USA,2005,16,1973,850004
FRA,2005,5,13,4000
ESP,2005,2,20,1
DOM,2005,3,12,2450
IRN,2005,9,734,129638
CHL,2005,4,61,29105
PNG,2005,3,2,17693
TUR,2005,8,43,6203
JPN,2005,6,136,278374
PER,2005,2,5,2505
ZAF,2005,1,2,58
SLV,2005,6,120,77224
COL,2005,5,180,604940
VUT,2005,1,,5000
KAZ,2005,1,,25000
SAU,2005,2,63,67
BGD,2005,12,332,1186606
TJK,2005,3,24,7065
TWN,2005,5,33,4339
BEL,2005,3,2,210
UZB,2005,1,,1500
GBR,2005,5,13,3800
NZL,2005,2,,500
PRK,2005,1,193,16298
SLE,2005,1,20,15000
RUS,2005,8,31,9047
MEX,2005,7,88,2983571
PHL,2005,4,39,213057
DZA,2005,3,22,1825
HTI,2005,8,88,42061
UKR,2005,1,,8340
PAN,2005,1,3,7000
VEN,2005,4,97,45797
ROU,2005,8,93,91671
SCG,2005,2,2,12540
BGR,2005,6,39,13240
DEU,2005,4,5,617
CAF,2005,1,1,23805
CHE,2005,2,6,2500
HUN,2005,4,52,
NPL,2005,3,69,31600
BIH,2005,2,4,3100
GUY,2005,1,34,274774
GEO,2005,1,,2500
FIN,2005,1,,400
KGZ,2005,1,3,2050
AUT,2005,3,4,900
LTU,2005,2,,
SVN,2005,1,,
HRV,2005,3,7,250
CRI,2005,3,6,4072
CZE,2005,3,16,3
POL,2005,4,194,3600
AGO,2005,1,,10000
MKD,2005,2,1,2003
GTM,2005,4,1583,477849
ALB,2005,2,5,400500
SVK,2005,2,1,
HND,2005,5,61,104669
MDA,2005,1,,6500
LKA,2005,1,6,145000
MMR,2005,1,17,16
NLD,2005,3,,1
ITA,2005,1,9,
SWE,2005,2,9,
IRL,2005,1,,
NOR,2005,1,,
EST,2005,1,1,100
LVA,2005,1,,
DNK,2005,1,4,
SWZ,2005,1,,1150
ARG,2005,1,11,252
URY,2005,1,7,12
TKL,2005,1,,26
ASM,2005,1,,
GRD,2005,1,1,
CUB,2005,2,20,2600000
JAM,2005,3,6,10396
NIC,2005,2,7,13643
BLZ,2005,2,3,
MAR,2005,1,1,
WSM,2005,1,9,
VCT,2005,1,,530
COK,2005,1,,608
TTO,2005,1,,
BHS,2005,1,1,1500
SPI,2005,1,19,
COD,2006,11,155,91022
MOZ,2006,2,31,7168
CIV,2006,2,42,451
GIN,2006,3,129,1498
SDN,2006,8,1169,195769
AGO,2006,3,2422,57795
TCD,2006,2,72,216
UGA,2006,6,206,11382
RWA,2006,2,59,2300
MWI,2006,3,28,16852
ZMB,2006,1,5,105
TZA,2006,8,70,3722938
KEN,2006,7,395,783888
NER,2006,3,66,47256
MLI,2006,3,10,26151
BFA,2006,3,784,33012
COG,2006,2,56,8030
BWA,2006,1,470,22264
SOM,2006,9,241,492376
ETH,2006,9,1302,466994
JAM,2006,2,4,5280
PRK,2006,3,282,94824
NAM,2006,3,15,2347
KHM,2006,3,5,42368
SYC,2006,1,,5461
TUR,2006,3,79,63237
PRY,2006,1,17,100000
COM,2006,2,,924
MUS,2006,1,,2553
PER,2006,3,,18325
AUS,2006,8,4,10271
AFG,2006,13,382,2233910
NPL,2006,4,157,280000
CHN,2006,37,2109,88739438
GNB,2006,1,,32000
LTU,2006,1,,
IDN,2006,18,7421,3937403
ESP,2006,3,27,289
USA,2006,30,338,83837
PAN,2006,3,11,7866
DZA,2006,2,5,60319
TJK,2006,3,25,29155
KGZ,2006,2,4,21125
IRN,2006,4,77,171294
RUS,2006,5,116,19774
TWN,2006,4,8,1142
BGR,2006,4,18,547
SLV,2006,2,1,16470
COL,2006,3,150,238465
ECU,2006,3,21,357933
PHL,2006,20,2984,8612817
PNG,2006,6,16,25999
VUT,2006,1,,
MSR,2006,1,,200
HTI,2006,3,16,39700
IND,2006,20,1431,7384478
BDI,2006,7,22,16310
VNM,2006,11,579,3349410
MRT,2006,2,7,10619
NGA,2006,3,40,13000
IRQ,2006,2,20,59910
BRA,2006,2,20,116000
YEM,2006,2,30,2320
THA,2006,3,280,2557308
NZL,2006,1,,1200
GRC,2006,3,4,3690
PAK,2006,9,513,8230
KOR,2006,1,46,4630
MYS,2006,4,6,106518
ARG,2006,1,,4500
TGO,2006,1,,2000
NOR,2006,1,1,200
CZE,2006,2,6,4315
GUY,2006,1,,35000
SCG,2006,3,3,36200
HRV,2006,1,,
ROU,2006,8,128,35531
CAN,2006,5,1,3900
MAR,2006,3,17,2100
UKR,2006,3,803,64600
MEX,2006,7,41,270700
SYR,2006,1,6,
PRT,2006,2,44,367
BOL,2006,2,25,126600
HUN,2006,2,5,32300
BGD,2006,7,154,229924
JPN,2006,5,62,23433
LKA,2006,1,25,333002
VEN,2006,1,,135
FJI,2006,2,4,392
AUT,2006,1,,516
DEU,2006,5,26,1300
SVK,2006,2,1,100
POL,2006,1,,500
HND,2006,1,4,1500
CHE,2006,2,1,3000
ZAF,2006,2,12,7160
MKD,2006,1,,1500
GEO,2006,1,,600
SUR,2006,1,3,25000
CUB,2006,2,2,1768
CHL,2006,1,18,95862
MMR,2006,2,59,70106
ITA,2006,2,5,159
GTM,2006,1,6,
NLD,2006,1,1000,
BEL,2006,1,940,
FRA,2006,3,1393,602
LVA,2006,1,40,
EST,2006,1,3,
MDA,2006,1,13,
BLR,2006,1,5,1820
TLS,2006,1,,8730
SWZ,2006,1,1,6535
MDG,2006,2,4,6516
COD,2007,3,204,2019
TZA,2007,2,119,284
SEN,2007,2,24,8125
BFA,2007,2,1542,141808
AGO,2007,4,620,64343
ZMB,2007,4,19,1553636
COM,2007,1,29,1490
BGD,2007,7,5721,23215116
DJI,2007,2,6,43312
IRQ,2007,1,24,4696
SOM,2007,3,1158,45699
MOZ,2007,7,142,1092352
CIV,2007,2,30,2150
NAM,2007,2,14,15250
GIN,2007,2,90,23095
SDN,2007,4,734,572974
IDN,2007,19,979,1260156
ZWE,2007,5,94,2127000
MMR,2007,5,35,166664
UGA,2007,4,165,726982
NGA,2007,4,291,55000
BOL,2007,4,116,824747
KHM,2007,2,184,36000
GAB,2007,1,,17900
MYS,2007,3,102,166533
VNM,2007,7,353,1647602
PHL,2007,15,118,2010577
BRA,2007,6,70,1211638
SWZ,2007,2,2,411500
LSO,2007,1,,475000
MWI,2007,5,2,721965
USA,2007,23,352,668118
TLS,2007,2,1,947
MDA,2007,1,,210394
BGR,2007,6,17,1129
LBN,2007,1,1,15
HRV,2007,2,12,26
ALB,2007,2,,225
MKD,2007,2,1,1000202
GRC,2007,3,83,5992
PRY,2007,1,8,125000
DZA,2007,7,90,1305
ITA,2007,2,17,
SPI,2007,1,,405
ZAF,2007,3,48,39600
RUS,2007,3,2,39012
COL,2007,6,218,2674662
LCA,2007,2,1,
GBR,2007,5,26,374701
JPN,2007,8,87,109222
HND,2007,4,7,36883
BRB,2007,1,,1
CHN,2007,18,1141,120098776
TJK,2007,4,49,24312
MTQ,2007,2,2,106
CHL,2007,3,18,25155
PER,2007,3,677,1590617
SLB,2007,1,52,2384
YEM,2007,4,99,2633
ETH,2007,3,22,247386
MDG,2007,3,88,255511
MDV,2007,1,,1649
MEX,2007,7,58,1858000
IND,2007,20,2236,38143033
IRN,2007,2,24,185009
MLI,2007,2,18,88858
ROU,2007,6,82,6976
SRB,2007,2,,12370
AFG,2007,7,296,30255
THA,2007,5,53,183000
PAK,2007,10,911,1652711
TUN,2007,2,16,6500
MNE,2007,1,,1086
AUS,2007,2,11,5820
FJI,2007,4,7,969
LKA,2007,3,33,406000
ESP,2007,4,6,16600
CMR,2007,1,8,10296
BDI,2007,2,5,25701
KOR,2007,2,23,1602
CAN,2007,3,6,500
HTI,2007,7,163,220042
TUR,2007,4,19,3186
KEN,2007,4,39,42657
NPL,2007,1,214,640706
TCD,2007,3,29,173145
CAF,2007,1,1,7812
NIC,2007,2,187,212726
PAN,2007,1,2,129
AUT,2007,3,5,480
ARG,2007,3,19,135000
DOM,2007,5,175,162763
DEU,2007,3,19,130
NER,2007,1,7,57274
MRT,2007,2,3,54120
LBR,2007,2,1,20500
GHA,2007,1,56,332600
RWA,2007,2,30,4500
CRI,2007,2,19,24500
KGZ,2007,1,,845
URY,2007,3,2,120000
CHE,2007,3,1,101
GMB,2007,1,,300
TGO,2007,1,41,141331
SLE,2007,1,,4500
CUB,2007,3,1,210488
CZE,2007,2,4,300
PRK,2007,2,610,1172167
GTM,2007,3,11,6001
BEN,2007,1,10,10884
SLV,2007,2,2,3300
COG,2007,1,,25000
BIH,2007,1,,
CYP,2007,1,4,
HUN,2007,1,500,
SVK,2007,1,1,89
FRA,2007,3,5,900
IRL,2007,1,7,
UKR,2007,2,,7552
DNK,2007,1,,
BEL,2007,1,2,2
BLR,2007,1,,
NLD,2007,1,7,
POL,2007,2,19,
SVN,2007,2,6,1050
GLP,2007,1,,
JAM,2007,2,5,33188
PRI,2007,1,1,
NZL,2007,1,,300
BLZ,2007,1,,20000
DMA,2007,1,2,7530
TWN,2007,2,18,2879
PNG,2007,1,172,162140
MUS,2007,1,2,
OMN,2007,1,76,20000
REU,2007,1,2,90
BHS,2007,1,1,7000
SLE,2008,1,170,1746
COG,2008,2,26,630
NGA,2008,3,178,66
GNB,2008,2,221,14754
SDN,2008,2,15,212
AGO,2008,2,141,88895
ZWE,2008,1,4276,98349
TGO,2008,2,12,45500
BFA,2008,4,556,57870
CIV,2008,2,50,450
SOM,2008,3,13,3352663
IRQ,2008,2,15,1492
BEN,2008,4,48,159223
NER,2008,3,180,34805
MWI,2008,2,113,21649
NAM,2008,2,51,65203
KEN,2008,9,112,3862458
BWA,2008,1,2,15
ZAF,2008,4,115,20353
ZMB,2008,2,177,23312
MOZ,2008,5,238,745846
UGA,2008,3,77,1130428
ETH,2008,5,65,6519574
AFG,2008,4,1334,452964
MDG,2008,5,125,1253686
PRY,2008,5,12,71612
TCD,2008,3,22,16205
BOL,2008,4,27,41357
MNG,2008,2,52,3151
BRA,2008,6,326,1916692
TJK,2008,2,,2800000
SYR,2008,1,,1300000
ERI,2008,1,,1700000
DJI,2008,1,,340000
CHN,2008,30,88450,136908104
THA,2008,6,39,11573157
BDI,2008,3,9,85775
TUR,2008,1,2,300
USA,2008,22,303,13391218
IDN,2008,16,141,487497
RUS,2008,1,13,5235
COD,2008,3,36,17865
IRN,2008,5,56,22195
GRC,2008,1,2,3708
JPN,2008,4,76,50921
KGZ,2008,2,74,4197
RWA,2008,2,36,11989
PAK,2008,4,249,366084
COL,2008,8,153,1224219
PNG,2008,3,10,75300
EGY,2008,1,98,697
ARG,2008,2,,85000
VUT,2008,1,,9000
CHL,2008,3,9,152755
MHL,2008,1,,600
FSM,2008,1,,
KOR,2008,1,10,13
KIR,2008,1,,85
DZA,2008,1,93,59050
YEM,2008,1,90,25064
MYS,2008,2,,8000
SEN,2008,1,1,23600
GBR,2008,2,8,5000
MAR,2008,1,30,20000
IND,2008,11,1808,13989068
VNM,2008,10,411,789153
MEX,2008,3,36,520000
LKA,2008,4,57,826905
PRT,2008,1,2,110
PHL,2008,20,959,8459896
PAN,2008,2,28,23837
TZA,2008,4,73,10134
ITA,2008,3,9,300
AUS,2008,5,8,20400
ECU,2008,1,41,289122
KAZ,2008,1,1,13000
NPL,2008,2,115,250003
SLV,2008,2,30,3000
BGD,2008,5,68,636090
UKR,2008,1,38,224725
HND,2008,2,67,313357
NIC,2008,3,30,39188
VEN,2008,1,8,1500
GUY,2008,1,,100000
GTM,2008,4,74,197300
SSD,2008,3,17,92791
CMR,2008,1,9,25000
GIN,2008,1,,4200
BLZ,2008,2,8,48000
PER,2008,1,40,450012
SWZ,2008,1,,2500
CAN,2008,2,,2400
CAF,2008,1,,795
GMB,2008,2,,700
LAO,2008,1,6,204190
CRI,2008,4,11,209498
GHA,2008,1,,58000
MLI,2008,1,,2500
SUR,2008,1,2,6548
MDA,2008,1,3,4000
ROU,2008,2,5,11090
LBR,2008,1,,340
CUB,2008,5,7,519464
POL,2008,2,84,1060
BGR,2008,1,10,
HUN,2008,1,17,500
AUT,2008,1,4,
DEU,2008,2,8,
BEL,2008,1,,
CZE,2008,1,2,
NLD,2008,1,,
NOR,2008,1,,100
FRA,2008,2,3,2706
LSO,2008,1,,4500
MMR,2008,1,138366,2420000
HKG,2008,3,2,207
JAM,2008,2,13,4000
CYM,2008,2,,
HTI,2008,4,698,246276
DOM,2008,3,13,17002
TCA,2008,3,4,1500
BHS,2008,2,,3000
TWN,2008,5,54,88
FJI,2008,1,7,
KNA,2008,1,,
ATG,2008,1,,25800
TZA,2009,4,50,51205
CMR,2009,1,109,1456
COD,2009,6,210,21248
AGO,2009,5,178,251003
NGA,2009,4,1752,185255
KEN,2009,5,307,146646
UGA,2009,2,17,544
NPL,2009,6,459,619660
ETH,2009,2,135,6213652
ZWE,2009,2,55,1346
ZMB,2009,2,118,620012
PNG,2009,4,211,7391
MOZ,2009,4,198,33804
CPV,2009,2,9,20297
SLV,2009,3,282,94598
MDG,2009,4,27,131501
BFA,2009,3,398,154392
MLI,2009,2,35,20492
ARG,2009,6,29,67518
HND,2009,3,14,106907
NIC,2009,4,8,28832
PER,2009,7,577,277336
MWI,2009,3,66,32197
NER,2009,3,172,7983642
IND,2009,17,2204,11096639
LKA,2009,4,349,415007
BRA,2009,10,191,1992151
TCD,2009,4,108,2413786
DOM,2009,3,32,17835
COK,2009,1,,1247
PRY,2009,4,8,212759
MEX,2009,8,32,293871
LBR,2009,2,2,500584
CHN,2009,26,582,128762751
BGD,2009,6,348,4504550
ECU,2009,2,3,119307
SSD,2009,1,,4300000
KGZ,2009,1,,2000000
BDI,2009,2,,188000
GTM,2009,3,36,2513828
VEN,2009,1,,
ITA,2009,5,340,77140
ESP,2009,3,20,1793
FRA,2009,5,18,200
GRC,2009,2,,1040
USA,2009,17,145,11323
AUS,2009,6,535,36554
CRI,2009,1,31,128618
IDN,2009,12,1485,2877208
GEO,2009,1,,7306
PHL,2009,25,1307,13352484
ALB,2009,2,,6750
IRN,2009,1,,269
AFG,2009,5,101,65857
BTN,2009,2,23,12
ASM,2009,1,34,2500
JPN,2009,6,77,32838
WSM,2009,1,148,5584
TON,2009,1,9,507
VUT,2009,2,,1350
TUR,2009,3,58,35137
PAK,2009,3,102,75080
TUN,2009,1,17,5008
SOM,2009,1,,1750
IRQ,2009,1,2,3000
MAR,2009,2,29,9520
HTI,2009,3,21,12706
ROU,2009,4,65,24
DZA,2009,2,48,2548
COM,2009,1,2,2500
BOL,2009,1,,63000
ZAF,2009,3,32,20300
CZE,2009,2,15,14462
DEU,2009,4,16,
VNM,2009,6,356,3717461
CAF,2009,3,4,23972
GIN,2009,1,2,40000
SEN,2009,1,6,264000
GHA,2009,2,40,159545
SDN,2009,1,20,111455
GMB,2009,2,5,16608
SRB,2009,2,,3710
BIH,2009,3,1,13730
BWA,2009,3,,5056
AUT,2009,4,3,
BEN,2009,3,10,120457
TGO,2009,1,,
SLE,2009,1,103,1470
AZE,2009,1,,5000
LAO,2009,2,26,128887
GBR,2009,3,8,4127
SAU,2009,1,161,10000
FJI,2009,2,14,14401
NAM,2009,1,92,350000
TJK,2009,1,21,15000
CAN,2009,3,2,203
POL,2009,3,307,232
PAN,2009,1,,4248
MYS,2009,2,,10875
COL,2009,3,53,31850
SLB,2009,1,21,7000
MNG,2009,2,31,784113
MRT,2009,1,1,10000
IRL,2009,1,,6800
THA,2009,1,15,200000
URY,2009,1,1,4000
MNE,2009,1,,1100
YEM,2009,1,11,
CIV,2009,1,27,10006
MMR,2009,1,24,1351
BEL,2009,1,1,
PRT,2009,1,,
UKR,2009,2,32,
CHE,2009,1,,
GAB,2009,1,,800
HKG,2009,1,,350
KHM,2009,2,19,178091
TWN,2009,1,630,2307523
KEN,2010,5,261,215044
MOZ,2010,3,49,480188
ZWE,2010,4,8,1668696
BEN,2010,4,71,832037
NPL,2010,4,223,13372
NGA,2010,3,1912,1543487
CMR,2010,2,528,10964
NIC,2010,5,87,76255
COD,2010,6,110,78779
ETH,2010,3,35,81667
TCD,2010,4,263,149898
HTI,2010,7,229549,4314226
NER,2010,4,108,234443
DOM,2010,4,137,64521
BFA,2010,2,857,139322
HND,2010,5,211,56685
GAB,2010,4,,4081
KGZ,2010,2,,8491
TJK,2010,4,96,16918
MTQ,2010,1,13,29200
TGO,2010,3,82,111786
PHL,2010,15,1113,5581507
COG,2010,1,219,524
GLP,2010,1,,33000
GHA,2010,3,90,17274
THA,2010,3,260,15454135
BOL,2010,5,59,315896
PER,2010,4,510,170357
ECU,2010,4,18,13440
UGA,2010,2,436,12985
MDG,2010,2,120,2492132
GUY,2010,1,,
LCA,2010,3,14,183000
TTO,2010,1,,
SOM,2010,3,20011,4016200
MLI,2010,3,,632000
MRT,2010,2,,846750
GRD,2010,1,,
DJI,2010,1,,200258
RUS,2010,8,55844,55671
BRA,2010,5,395,306938
CHN,2010,25,7178,180656804
BRB,2010,2,,2500
VCT,2010,2,,6100
ISR,2010,2,46,20022
COL,2010,6,624,2796760
USA,2010,15,138,12571
TUR,2010,2,64,3806
IDN,2010,12,1294,225272
IRN,2010,5,10,4753
TWN,2010,3,34,196
NZL,2010,1,,300002
MEX,2010,9,182,1600307
SLB,2010,3,2,17938
SRB,2010,5,7,32330
AFG,2010,5,350,46200
CHL,2010,2,562,2671706
ISL,2010,1,,
GTM,2010,6,227,455908
KAZ,2010,2,44,29200
MAR,2010,2,42,77009
PAK,2010,7,2186,20397901
FRA,2010,4,82,501079
BGD,2010,6,107,887390
LKA,2010,2,35,770265
IND,2010,18,1344,4279488
VNM,2010,7,221,1524433
GBR,2010,3,1,400
AUS,2010,8,36,186000
MWI,2010,1,,21290
YEM,2010,2,22,1002
CZE,2010,4,23,1400
BIH,2010,2,3,34910
MDA,2010,1,1,12000
SAU,2010,2,24,85
GIN,2010,2,8,48026
CAF,2010,1,3,1585
SEN,2010,2,2,102516
SLE,2010,2,16,239
KHM,2010,1,8,
SSD,2010,2,,290000
PAN,2010,4,15,32941
ESP,2010,3,5,14000
BGR,2010,2,3,90
MNE,2010,2,,6350
PRK,2010,3,20,95785
PSE,2010,1,,500
ZMB,2010,2,9,1350
POL,2010,4,219,101700
UKR,2010,1,6,40059
LBR,2010,1,1,15486
JPN,2010,2,180,15000
SDN,2010,2,36,26362
GNB,2010,1,2,56792
AGO,2010,3,25,189781
EGY,2010,3,58,3540
PRT,2010,3,46,618
BDI,2010,3,9,3490
CIV,2010,2,18,6425
SVN,2010,1,3,2000
VEN,2010,2,49,94800
HRV,2010,2,,1110
NAM,2010,1,8,110000
HUN,2010,1,1,5000
SVK,2010,3,126,850
AZE,2010,1,3,70000
ROU,2010,2,78,12237
DEU,2010,4,8,1400
LTU,2010,2,9,
GMB,2010,2,9,38961
CRI,2010,2,27,3106
ITA,2010,3,3,31105
BEL,2010,3,4,690
ALB,2010,1,,14000
GRC,2010,1,1,150
RWA,2010,2,21,5937
MMR,2010,3,373,406531
PRY,2010,1,12,
ARG,2010,1,42,
CHE,2010,2,,
URY,2010,1,4,
DNK,2010,1,,
LUX,2010,1,,
NLD,2010,1,,
ZAF,2010,1,40,6000
FJI,2010,1,2,39101
HKG,2010,1,1,15000
SLV,2010,3,18,11753
BLZ,2010,1,,
KOR,2010,1,12,41500
OMN,2010,1,16,
ATG,2010,1,,5000
JAM,2010,1,15,2506
PYF,2010,1,1,3411
COK,2010,1,,2202
CMR,2011,1,639,16706
NGA,2011,6,879,52309
DOM,2011,4,12,55420
VEN,2011,4,17,3786
MOZ,2011,4,36,64271
CAF,2011,3,17,4938
COG,2011,3,65,10819
NER,2011,4,64,3043305
BDI,2011,4,24,1335
PHL,2011,36,1989,11729947
ZWE,2011,2,45,1140
COD,2011,4,636,36757
GHA,2011,3,121,104046
MLI,2011,3,50,3516605
TCD,2011,2,557,18123
BRA,2011,9,978,2157753
THA,2011,5,923,11253854
LKA,2011,5,254,1355308
PRY,2011,3,44,31945
MDV,2011,1,4,1289
AFG,2011,4,83,1762815
USA,2011,22,803,431398
SEN,2011,2,,855220
LSO,2011,3,26,730515
ETH,2011,2,,4845879
MEX,2011,12,125,3650602
TUV,2011,1,,
TZA,2011,4,37,1065976
MRT,2011,1,,723000
BFA,2011,1,,2850000
KEN,2011,5,33,8150692
UGA,2011,3,50,732122
CHL,2011,4,1,30457
CAN,2011,3,7,9000
AUS,2011,3,1,7637
ESP,2011,2,11,17700
PAK,2011,2,511,5401755
CHN,2011,20,746,124272883
BTN,2011,1,1,20016
IND,2011,13,1038,12829319
GTM,2011,7,83,537871
UZB,2011,1,13,86
NZL,2011,2,182,301845
IDN,2011,12,129,28336
MMR,2011,2,225,57011
JPN,2011,7,19976,394615
TUR,2011,3,647,43164
PER,2011,6,109,839066
KGZ,2011,1,,
TJK,2011,2,,2130
NPL,2011,7,182,194807
ARG,2011,1,,3000
IRL,2011,1,2,600
IRQ,2011,1,6,2001
LAO,2011,2,48,467000
GEO,2011,1,7,1750
ITA,2011,3,26,
BGD,2011,5,102,1672680
ZAF,2011,3,46,206644
MWI,2011,3,4,83587
COL,2011,3,313,1487698
KAZ,2011,1,2,16000
DZA,2011,1,10,793
KOR,2011,3,121,31026
FRA,2011,1,6,2300
AGO,2011,4,130,90684
SLE,2011,1,21,
PAN,2011,2,,4000
BWA,2011,1,,
ZMB,2011,1,,1375
RWA,2011,1,14,3608
SRB,2011,1,,5000
KHM,2011,1,247,1640023
HTI,2011,4,39,7482
VNM,2011,5,138,1361647
GIN,2011,1,,20143
BOL,2011,2,52,92825
ECU,2011,2,7,3750
VCT,2011,1,,275
PRK,2011,3,74,57592
HND,2011,1,33,69798
NIC,2011,1,17,143018
SLV,2011,1,35,300000
SOM,2011,1,,2800
SAU,2011,1,11,
MYS,2011,2,18,20006
NAM,2011,1,108,500000
RUS,2011,3,1,14183
BEN,2011,1,,5840
CRI,2011,1,4,46695
POL,2011,1,26,
BEL,2011,1,5,71
SDN,2011,1,20,30
EST,2011,1,,6500
GBR,2011,1,1,
NOR,2011,1,4,500
MDG,2011,1,35,115215
VUT,2011,2,,32000
SLB,2011,1,,
TON,2011,1,3,7600
PRI,2011,2,1,2271
BHS,2011,1,,10000
PNG,2011,1,,
MTQ,2011,1,1,
OMN,2011,1,14,200
DMA,2011,1,,240
ZMB,2012,1,2,153
NER,2012,3,188,535826
UGA,2012,5,174,24412
PHL,2012,22,2415,12531446
SLE,2012,1,300,23009
COD,2012,5,609,28161
GHA,2012,2,76,5441
HTI,2012,7,180,242139
DOM,2012,5,175,83175
GIN,2012,1,105,5523
ECU,2012,3,45,80772
SDN,2012,3,206,3335813
NGA,2012,3,388,7015896
COL,2012,4,77,104753
TCD,2012,4,108,2215339
PER,2012,5,299,104683
CMR,2012,3,25,63980
BRA,2012,3,3,4299000
UKR,2012,3,195,88026
LKA,2012,3,53,2316021
ITA,2012,5,75,45400
GMB,2012,1,,428000
THA,2012,2,,12235545
PRK,2012,3,147,3137550
USA,2012,25,318,93551
HND,2012,1,,125000
SOM,2012,3,31,3032200
AGO,2012,1,,1833900
MWI,2012,4,4,1996735
RUS,2012,8,415,48999
MDA,2012,2,10,13174
ETH,2012,1,,1000000
PRY,2012,3,5,1495945
GTM,2012,3,44,1598227
ESP,2012,3,15,761
CHL,2012,3,8,29679
AZE,2012,3,5,22499
IRN,2012,4,319,68307
MMR,2012,2,40,86486
CHN,2012,28,802,44562685
TJK,2012,3,3,8087
MEX,2012,3,21,136011
CRI,2012,2,8,10285
IDN,2012,13,107,52075
BGR,2012,4,38,38160
AFG,2012,11,380,54812
IND,2012,10,599,4318360
PAK,2012,5,671,5050564
SLB,2012,1,,4836
GRC,2012,2,7,200
KHM,2012,1,14,71500
GEO,2012,2,5,106036
ARG,2012,3,25,19530
SVN,2012,1,,12000
PAN,2012,2,6,9448
ZAF,2012,2,13,126350
PNG,2012,2,65,200000
NAM,2012,1,,650
DZA,2012,2,69,101
PSE,2012,1,,1500
JPN,2012,7,173,102288
VEN,2012,1,,11000
TZA,2012,1,10,
FJI,2012,3,17,27945
AUS,2012,2,4,16000
BOL,2012,1,13,69085
COM,2012,1,4,65137
SAU,2012,1,19,
NPL,2012,2,83,5
SEN,2012,1,19,57000
BEN,2012,1,4,55000
NIC,2012,1,9,29500
SSD,2012,2,47,157000
GBR,2012,4,8,3995
KAZ,2012,2,,14400
CAN,2012,3,,1500
BGD,2012,5,344,5658154
KEN,2012,1,73,280670
CUB,2012,3,14,211101
TWN,2012,3,20,35000
COG,2012,2,19,9614
BFA,2012,1,18,21000
VNM,2012,4,72,356512
IRQ,2012,1,4,
HRV,2012,3,7,1500
RWA,2012,1,5,11160
TUR,2012,1,13,
GAB,2012,1,1,77845
KGZ,2012,2,16,11050
CHE,2012,2,11,
AUT,2012,1,5,
LVA,2012,1,10,
MNE,2012,1,1,4500
ROU,2012,1,86,7539
LTU,2012,2,30,
NLD,2012,1,1,
POL,2012,4,274,310
CZE,2012,2,32,
BEL,2012,1,3,
BLR,2012,1,,130
EST,2012,1,1,
FRA,2012,1,12,
HUN,2012,1,16,
MKD,2012,1,1,5100
DEU,2012,2,6,
SRB,2012,3,25,88234
SVK,2012,1,5,
MAR,2012,1,,7500
BIH,2012,1,4,10347
ALB,2012,1,5,230000
CAF,2012,2,,3893
NZL,2012,1,3,457
KOR,2012,3,22,3120
MOZ,2012,3,33,110000
MDG,2012,3,112,335599
BHS,2012,1,1,
JAM,2012,1,1,215850
PLW,2012,1,,1250
PRI,2012,1,,
WLF,2012,1,,1252
WSM,2012,1,12,12703
NAM,2013,3,17,795018
UGA,2013,4,41,243942
GHA,2013,2,23,25560
BEN,2013,3,7,35980
TGO,2013,1,7,168
MOZ,2013,2,121,240317
COG,2013,1,16,1071
NIC,2013,2,30,15459
MDG,2013,3,164,45539
CRI,2013,1,3,12000
ETH,2013,4,110,51788
HND,2013,1,27,34128
COL,2013,3,98,62967
LAO,2013,3,100,610253
SLB,2013,3,18,20256
GTM,2013,2,9,2549
SSD,2013,3,99,581003
GIN,2013,2,,11249
ECU,2013,4,24,28732
PAN,2013,1,,
NZL,2013,3,,13840
MHL,2013,1,,6384
BOL,2013,5,136,841869
PRY,2013,3,,186400
CHN,2013,43,1395,27549425
ZWE,2013,2,125,4309700
USA,2013,28,212,214574
PRT,2013,3,10,3967
AUS,2013,3,9,8940
SLE,2013,1,,2257
RUS,2013,3,4,337126
TWN,2013,5,10,1670
AFG,2013,6,155,21628
JPN,2013,10,400,131028
IDN,2013,16,173,680194
PAK,2013,5,730,1698756
HUN,2013,3,,64365
PHL,2013,14,7750,25667133
PER,2013,5,69,281946
IRN,2013,3,45,5997
IND,2013,12,7119,16708827
SLV,2013,1,,63079
CMR,2013,1,,805
MUS,2013,1,11,82
SRB,2013,2,,3000
NPL,2013,3,244,16823
ESP,2013,2,,600
FRA,2013,4,5,3200
GEO,2013,3,,26750
LBY,2013,1,16,2000
MYS,2013,1,4,75000
NER,2013,2,32,181029
SOM,2013,3,169,247380
MLI,2013,2,37,46000
VNM,2013,10,215,4124445
MRT,2013,1,8,6530
KHM,2013,1,200,1500000
MEX,2013,5,223,172000
SDN,2013,1,76,500133
PRK,2013,1,51,848690
HTI,2013,1,6,33265
SVK,2013,1,1,
CZE,2013,1,15,1300000
PSE,2013,2,6,62571
PNG,2013,1,,35000
NOR,2013,1,,500
KEN,2013,4,128,115800
AGO,2013,1,9,1000
BRA,2013,6,121,261274
MWI,2013,1,3,33000
LKA,2013,3,117,81300
SEN,2013,1,8,163306
CUB,2013,1,2,227
UKR,2013,1,2,2260
LCA,2013,1,6,19984
DOM,2013,1,,
VCT,2013,1,12,17422
GBR,2013,5,773,4800
BWA,2013,1,12,4210
ARG,2013,2,56,350012
BHS,2013,1,,1000
CAN,2013,3,14,100000
AUT,2013,1,4,200
DEU,2013,4,11,6352
MMR,2013,2,23,73300
BFA,2013,1,2,11396
GMB,2013,1,2,3300
IRQ,2013,1,11,
ITA,2013,1,18,2700
SAU,2013,2,39,1021
CAF,2013,2,,41737
THA,2013,3,84,3515254
MKD,2013,1,1,4864
ALB,2013,1,,2800
YEM,2013,1,40,49092
ROU,2013,1,9,6901
ZMB,2013,1,,1800
NGA,2013,1,19,81506
POL,2013,2,29,53
ARM,2013,2,,76000
TJK,2013,1,,2500
BLR,2013,1,4,11325
CHL,2013,1,,
ISR,2013,1,4,2003000
BEL,2013,2,,
DNK,2013,2,2,
EST,2013,1,,
NLD,2013,3,2,
SWE,2013,2,7,
CHE,2013,2,,84
LVA,2013,1,,
BGD,2013,3,50,1532207
ZAF,2013,1,3,2870
PLW,2013,1,,
SYC,2013,1,,3000
NER,2014,4,201,167222
MOZ,2014,3,65,81404
CMR,2014,3,111,252056
NGA,2014,3,778,46017
SSD,2014,2,149,6486
KEN,2014,2,72,1603459
GHA,2014,1,249,56469
SEN,2014,2,,639703
LBR,2014,1,4810,10682
GIN,2014,1,2544,3814
HTI,2014,3,12,1069343
TLS,2014,1,2,197
GMB,2014,1,,
MLI,2014,1,6,7
SLE,2014,1,3956,14124
SLV,2014,1,4,12783
COD,2014,3,214,4767
HND,2014,3,4,2046000
THA,2014,8,93,1150811
CHN,2014,41,1575,64912574
BRA,2014,5,41,27618152
LKA,2014,7,336,3005826
GTM,2014,5,12,1590424
MYS,2014,2,17,2430000
BOL,2014,3,112,247700
NIC,2014,3,2,532626
USA,2014,20,205,107084
BFA,2014,1,,4000000
SOM,2014,2,,625624
JAM,2014,1,,91545
MDG,2014,2,17,21736
AUS,2014,4,141,52829
CHL,2014,3,18,538942
JPN,2014,13,301,61075
IRN,2014,3,38,452580
COM,2014,2,,19511
MEX,2014,8,22,171516
PER,2014,5,554,202739
TUR,2014,1,,324
GRC,2014,3,3,79345
DZA,2014,1,6,420
ZAF,2014,2,33,9187
IDN,2014,10,243,542287
PNG,2014,3,,40726
CPV,2014,1,,2500
PHL,2014,13,331,13274658
MHL,2014,1,,360
GBR,2014,2,7,19000
KIR,2014,1,,220
FRA,2014,7,22,4000
DOM,2014,1,1,300
HRV,2014,2,3,9116
KOR,2014,3,41,101
CAN,2014,2,,6904
KHM,2014,1,45,530450
KAZ,2014,1,5,2709
TJK,2014,2,20,13223
SLB,2014,1,47,52000
ZWE,2014,2,14,2502
SRB,2014,5,56,62600
ITA,2014,5,15,9691
PRI,2014,1,1,
AFG,2014,3,575,142055
TZA,2014,2,31,40000
BIH,2014,4,26,1000600
SWZ,2014,1,11,400
BDI,2014,1,96,12682
BGD,2014,4,79,3205709
NPL,2014,6,573,187945
ARG,2014,4,27,7553
COL,2014,5,88,72232
ZMB,2014,1,,20000
IND,2014,16,1072,6154264
HUN,2014,1,,6500
PRY,2014,2,,233360
BGR,2014,5,21,8547
ROU,2014,3,15,2525
SVN,2014,2,3,54400
MMR,2014,2,,40000
MAR,2014,3,60,117000
CIV,2014,2,46,
RUS,2014,1,6,24545
GEO,2014,1,,12000
SDN,2014,1,39,266204
LAO,2014,1,,750
SYC,2014,1,,4435
PAN,2014,1,9,116
PAK,2014,3,410,2530755
POL,2014,1,78,
BLR,2014,1,2,31500
MKD,2014,1,,8800
KGZ,2014,1,,
IRL,2014,1,1,
PRT,2014,2,1,54
CHE,2014,1,2,
DEU,2014,2,8,1
BEL,2014,1,,
LSO,2014,1,,2600
ESP,2014,1,3,
VUT,2014,1,12,20006
TWN,2014,2,,
REU,2014,1,1,265
TON,2014,1,1,4014
VNM,2014,3,38,48075
IRQ,2015,2,58,67217
SSD,2015,1,47,1818
NGA,2015,2,150,102528
MWI,2015,4,294,7339688
HTI,2015,3,181,66969
TZA,2015,4,641,47824
ZWE,2015,2,10,486
TGO,2015,1,24,324
YEM,2015,3,29,128091
KOR,2015,1,36,185
CMR,2015,2,4,30858
NER,2015,3,33,2678535
GTM,2015,4,358,81459
AGO,2015,4,459,9599
GHA,2015,2,110,5465
IND,2015,22,3400,346558129
GMB,2015,1,,63100
MHL,2015,1,,21000
WSM,2015,1,,
SLB,2015,3,9,44496
SDN,2015,3,36,800000
COL,2015,5,104,168689
CHN,2015,36,501,3785759
BWA,2015,1,,
USA,2015,29,328,46590
SLV,2015,3,13,720000
CRI,2015,3,,28116
NAM,2015,1,,580000
PHL,2015,16,201,4019201
PNG,2015,3,24,2549199
TON,2015,1,,
VNM,2015,5,52,1765215
IDN,2015,12,84,489380
FJI,2015,1,,67000
THA,2015,2,3,1440
SOM,2015,5,,7620296
PLW,2015,1,,14200
ETH,2015,2,,10410600
PRK,2015,2,33,18003541
PAN,2015,2,,3500
CUB,2015,2,3,110089
ZAF,2015,1,,2700000
CAN,2015,1,,13036
CHL,2015,7,204,884066
AUS,2015,8,16,8781
RUS,2015,2,31,7477
COD,2015,5,55,247953
PAK,2015,10,1892,2160165
AFG,2015,7,446,129849
KGZ,2015,1,,16780
MYS,2015,2,25,3010
BGD,2015,8,159,4073354
NPL,2015,4,9034,5642186
TJK,2015,4,12,18778
TLS,2015,1,,2003
ARG,2015,5,19,145633
ECU,2015,3,12,931227
GUY,2015,1,,199000
FRA,2015,3,3298,750
KAZ,2015,1,2,12670
IRN,2015,5,52,26430
MDG,2015,3,121,234887
HRV,2015,1,,1200
ESP,2015,2,4,1750
ITA,2015,3,7,550
DOM,2015,3,2,23333
KEN,2015,3,138,245299
MKD,2015,2,7,105030
DZA,2015,2,12,35000
BIH,2015,1,,
LKA,2015,2,10,27309
GEO,2015,1,40,10320
MMR,2015,6,213,1636903
SAU,2015,2,23,
URY,2015,3,2,35326
MLI,2015,1,5,2000
LAO,2015,2,4,47940
ROU,2015,1,1,2000
NZL,2015,2,1,500
GIN,2015,2,16,30120
BDI,2015,2,72,7179
BRA,2015,6,28,309547
BOL,2015,2,25,96890
KHM,2015,2,,28300
BLZ,2015,1,,20000
SLE,2015,1,10,24303
JPN,2015,10,71,120946
VEN,2015,1,,45297
TUR,2015,1,8,6500
GRC,2015,1,3,500
BGR,2015,1,5,
MOZ,2015,1,160,177645
ALB,2015,2,1,42300
RWA,2015,1,2,3431
CIV,2015,1,16,
PER,2015,3,30,351260
MEX,2015,4,42,21791
GBR,2015,2,3,63600
PRY,2015,3,14,150175
BFA,2015,1,8,28925
NIC,2015,1,2,3750
POL,2015,2,78,1217
EGY,2015,2,135,201
BEL,2015,1,410,
MNG,2015,1,,965000
LBN,2015,3,5,1001692
PSE,2015,2,4,31050
SYR,2015,2,13,3500
ISR,2015,1,,200
OMN,2015,1,,6000
CAF,2015,1,1,1116
IRL,2015,1,1,
BHS,2015,1,33,6710
CPV,2015,1,9,
TWN,2015,3,9,762
DMA,2015,1,30,28594
VUT,2015,1,11,188000
KIR,2015,1,,1500
MNP,2015,1,,360
TUV,2015,1,,4613
FSM,2015,1,5,35000
SSD,2016,4,83,3625826
HTI,2016,9,599,5801040
CAF,2016,1,21,266
BEN,2016,1,13,678
YEM,2016,3,51,29950
BDI,2016,1,1,193
SOM,2016,2,506,14165
SDN,2016,2,190,200636
GHA,2016,2,10,172
NER,2016,3,84,126344
VUT,2016,1,,351
BRA,2016,3,294,51277
SGP,2016,1,,13051
SYC,2016,1,,253
SLB,2016,2,15,23012
COD,2016,4,105,15273
AUS,2016,4,8,2836
NGA,2016,4,1333,28432
MMR,2016,7,131,953350
VNM,2016,9,189,2503129
COL,2016,3,10,2284
PER,2016,4,33,21493
KHM,2016,1,,2500000
TLS,2016,1,,120000
BOL,2016,3,4,670420
FSM,2016,1,,100000
LKA,2016,2,203,1201602
LSO,2016,1,,709000
PRY,2016,1,,
CHN,2016,33,1287,72201622
KEN,2016,3,42,3411000
MDG,2016,1,,1140000
MOZ,2016,4,75,2473300
SWZ,2016,1,,492000
USA,2016,27,269,85119040
PRT,2016,1,4,1361
CAN,2016,2,,88300
IND,2016,16,1129,3816813
NPL,2016,3,174,20574
ISR,2016,1,,60137
IDN,2016,15,271,482609
MKD,2016,2,22,33682
UGA,2016,3,19,11590
TZA,2016,4,33,279876
TWN,2016,5,212,985
BGD,2016,4,198,3103625
JPN,2016,10,101,436528
ITA,2016,4,298,30573
PAK,2016,9,409,11095
ECU,2016,4,682,423466
TJK,2016,2,4,12905
KOR,2016,3,15,31332
PHL,2016,11,87,5534812
NZL,2016,2,2,350
ESP,2016,1,5,150
MEX,2016,7,90,74500
GRC,2016,1,4,200
MLI,2016,1,13,9500
AGO,2016,4,113,9899
ETH,2016,2,128,493080
SAU,2016,3,24,1037
MWI,2016,1,12,2800
ZAF,2016,3,24,7520
AFG,2016,4,84,
OMN,2016,1,2,
SRB,2016,2,1,8655
THA,2016,4,35,808843
PRK,2016,2,552,667715
RUS,2016,3,,11696
MYS,2016,4,,31841
URY,2016,1,8,10605
RWA,2016,2,117,30030
DOM,2016,3,21,2795448
CIV,2016,1,20,
SEN,2016,1,5,10646
VEN,2016,1,,
PNG,2016,1,,6600
LAO,2016,1,5,26328
ALB,2016,1,3,4500
VCT,2016,2,1,25000
LBR,2016,1,,15431
HND,2016,2,7,450151
UKR,2016,2,40,200
HUN,2016,1,,2282
ARG,2016,2,,85769
CHL,2016,1,12,100
POL,2016,2,23,3
AUT,2016,1,,
BEL,2016,2,2,
FRA,2016,1,4,24
ROU,2016,2,3,300
BFA,2016,1,15,34893
DEU,2016,1,7,
ARM,2016,1,,750
GTM,2016,2,10,101
MAR,2016,1,,750000
MNG,2016,1,,157000
GBR,2016,1,,7200
ZWE,2016,1,31,2000
EGY,2016,1,26,32572
NLD,2016,1,,
IRN,2016,1,4,2000
PAN,2016,1,7,12000
JAM,2016,1,,125000
CUB,2016,1,,190000
FJI,2016,2,47,545558
TON,2016,3,,392
NIC,2016,1,,10570
BLZ,2016,1,,10355
BHS,2016,1,,
LCA,2016,1,,25000
CRI,2016,1,9,50000
TCD,2017,2,58,1887452
YEM,2017,3,85,306
SOM,2017,1,302,13126
SDN,2017,2,682,86409
MOZ,2017,2,8,751901
ZMB,2017,1,89,4371
COD,2017,3,322,1532
NGA,2017,4,31,12204
MWI,2017,2,6,56371
KEN,2017,3,102,29420
BGD,2017,6,338,11467013
MDG,2017,3,288,1696637
CIV,2017,2,17,846
GIN,2017,2,,3409
TJK,2017,3,13,1045
BRA,2017,2,168,104450
NER,2017,5,190,1343203
LKA,2017,4,649,1208921
PAK,2017,6,240,65735
BFA,2017,2,20,9911
PRK,2017,1,,126574
USA,2017,24,338,867075
MRT,2017,2,18,3895814
CHN,2017,30,514,14893433
ITA,2017,6,45,4653
AGO,2017,2,11,1450250
ZAF,2017,5,32,13136
ZWE,2017,2,251,7013023
CPV,2017,1,,70000
PRT,2017,2,109,3475
HRV,2017,2,,8080
MNE,2017,1,,200
CHL,2017,5,42,26974
ESP,2017,2,4,1500
TUN,2017,1,,2000
FRA,2017,3,3,12183
CAN,2017,3,2,62554
AUS,2017,3,12,51143
KGZ,2017,2,24,5055
IRQ,2017,1,10,5969
MEX,2017,7,498,1460060
TUR,2017,2,,630
GRC,2017,4,26,6875
KOR,2017,1,,5057
IRN,2017,5,509,213382
GTM,2017,7,20,49335
PHL,2017,14,233,4869805
IDN,2017,12,99,534836
CHE,2017,1,8,200
VUT,2017,2,,13564
CMR,2017,1,3,12890
RUS,2017,2,16,15922
GBR,2017,2,,300
UGA,2017,1,17,14
BGR,2017,1,4,
IND,2017,18,2346,22395195
VNM,2017,9,284,5133216
IRL,2017,2,,600
ALB,2017,2,7,21002
SAU,2017,1,4,481
THA,2017,6,150,3819058
HTI,2017,5,35,90434
CAF,2017,2,,7190
NPL,2017,3,198,1713634
HND,2017,4,21,48140
COL,2017,7,384,76725
MYS,2017,4,9,22407
NZL,2017,2,,2383
NAM,2017,1,,2502
PER,2017,3,200,2188505
BWA,2017,1,,3250
ARG,2017,4,1,54443
TGO,2017,1,,16060
OMN,2017,1,3,200
PYF,2017,1,,5004
AFG,2017,5,226,11240
GHA,2017,2,20,1000012
NIC,2017,2,22,52915
ARE,2017,1,,188
GMB,2017,1,6,20000
MMR,2017,2,3,199520
DEU,2017,3,6,624
URY,2017,1,,6639
JPN,2017,4,49,44799
GUY,2017,1,,3274
TWN,2017,2,6,4205
TZA,2017,1,7,
KAZ,2017,1,,7000
MNG,2017,1,17,
BDI,2017,1,6,810
SLE,2017,1,1102,11916
MAR,2017,2,,1650000
DZA,2017,1,,125000
BLR,2017,1,43,50539
SRB,2017,1,6,
UKR,2017,1,37,
MKD,2017,1,3,2220
CZE,2017,1,,600
POL,2017,1,6,5844
SVK,2017,1,,
HUN,2017,1,,1298
RWA,2017,2,3,6553
AUT,2017,2,5,330
ROU,2017,1,9,137
JAM,2017,1,,5000
DOM,2017,3,5,42587
VIR,2017,2,7,
VGB,2017,2,9,
PRI,2017,2,66,750000
GLP,2017,1,4,80002
BHS,2017,1,,
ATG,2017,1,1,1800
MAC,2017,2,10,200
AIA,2017,1,4,15000
CUB,2017,1,10,10000000
SXM,2017,1,4,5040
BLM,2017,1,4,
BRB,2017,1,1,
TCA,2017,1,,
DMA,2017,1,64,71393
PAN,2017,1,7,12000
SLV,2017,1,10,584
LAO,2017,1,,
HKG,2017,2,1,156
KNA,2017,1,,500
MAF,2017,1,12,110
MTQ,2017,1,,2
CRI,2017,1,13,11500
CMR,2018,1,57,942
NER,2018,2,114,134292
UGA,2018,2,82,1000
AGO,2018,2,10,3139
ZWE,2018,2,81,15894
MDG,2018,3,94,310605
COD,2018,3,2371,19240
TCD,2018,1,90,4227
NGA,2018,3,390,1939285
BOL,2018,2,29,13614
PLW,2018,1,,124
PHL,2018,11,832,9694321
CAF,2018,1,1,119
ETH,2018,3,44,4021
SEN,2018,1,,320000
USA,2018,20,290,1763795
SLV,2018,3,4,396209
HND,2018,2,6,366948
NAM,2018,1,,556000
LTU,2018,2,5,
ARG,2018,5,2,64620
NIC,2018,2,4,313000
POL,2018,3,9,
GTM,2018,4,463,3291359
PAN,2018,1,,
URY,2018,1,,75000
AUS,2018,3,,600
AFG,2018,5,113,13504000
IND,2018,23,1396,32361348
MRT,2018,1,,350600
CAN,2018,4,70,7930
SWE,2018,1,,
LVA,2018,1,,
PRT,2018,3,2,417
ESP,2018,4,24,200
GRC,2018,1,100,4718
PNG,2018,4,181,545036
MEX,2018,4,40,13124
JPN,2018,7,435,1602397
IDN,2018,15,5310,2925625
IRN,2018,4,11,26148
PER,2018,1,2,9319
TWN,2018,2,91,6425
CHN,2018,22,354,8338124
HTI,2018,1,17,39336
MMR,2018,5,67,173095
VUT,2018,2,,13586
ITA,2018,5,23,2551
IRQ,2018,1,21,25000
TUN,2018,1,6,30000
GEO,2018,1,,1143
MYS,2018,2,2,16900
BDI,2018,3,,47956
MWI,2018,3,5,9613
NPL,2018,2,65,1406
SRB,2018,1,,231
VNM,2018,7,134,283756
VEN,2018,2,2,10700
QAT,2018,1,,1500
JOR,2018,2,34,64
LKA,2018,3,34,303712
ISR,2018,1,12,
HRV,2018,1,,471
RWA,2018,4,76,26423
DZA,2018,1,6,200
ROU,2018,3,2,3900
MNG,2018,3,,272301
SDN,2018,3,46,127476
FRA,2018,7,24,4256
PAK,2018,2,240,5000
TZA,2018,1,15,15873
BRA,2018,3,22,1550
KEN,2018,3,134,211188
KHM,2018,1,,5817
PRK,2018,3,234,653179
GHA,2018,1,34,100000
CRI,2018,1,1,125190
TTO,2018,1,,150000
KWT,2018,1,1,
PRY,2018,2,,46300
MOZ,2018,2,28,77450
BLR,2018,1,,50000
RUS,2018,2,10,14975
BGD,2018,4,102,14000
TJK,2018,1,6,5725
PRI,2018,2,,400
BGR,2018,1,,600
LAO,2018,3,136,748245
MLI,2018,1,,13150
NZL,2018,1,,100
BWA,2018,1,,4225
COL,2018,2,26,60000
KAZ,2018,1,,400
CIV,2018,1,20,25000
DOM,2018,2,,15390
SOM,2018,2,58,928000
ALB,2018,1,,800
TUR,2018,1,24,100
EST,2018,1,7,
CZE,2018,1,3,
MAR,2018,1,,70000
HUN,2018,1,179,
GBR,2018,3,822,784
KOR,2018,1,,
BEL,2018,2,1,
DEU,2018,2,5,12
NLD,2018,2,103,
LBN,2018,1,15,
CHE,2018,2,,16
ARM,2018,1,,9900
IRL,2018,1,2,
GNB,2018,1,3,11541
UKR,2018,1,,600
YEM,2018,2,49,15874
HKG,2018,1,,300
FJI,2018,2,7,179200
TON,2018,1,,87000
REU,2018,1,,200
MUS,2018,1,,30000
DJI,2018,1,2,25000
CUB,2018,2,9,40540
OMN,2018,2,6,
SLB,2018,1,,1000
WSM,2018,1,,
MNP,2018,1,2,
SDN,2019,4,131,355106
MOZ,2019,6,704,2026237
KEN,2019,4,213,2837306
NGA,2019,5,122,93974
COD,2019,5,4219,611181
TZA,2019,6,50,2005216
COG,2019,5,3819,461246
ETH,2019,5,93,201801
YEM,2019,5,958,601528
CAF,2019,2,53,48518
FJI,2019,2,1,7794
TON,2019,2,,501
IND,2019,14,2428,23201828
SLV,2019,2,6,16733
LKA,2019,7,58,773425
SSD,2019,4,60,935749
WSM,2019,1,83,5617
PAK,2019,12,456,4866176
PHL,2019,18,1005,6928471
CRI,2019,2,,4852
NIC,2019,1,15,94513
BEN,2019,1,13,24
HND,2019,1,128,71216
GTM,2019,3,21,84717
COL,2019,7,253,119536
DOM,2019,1,34,16907
SOM,2019,4,23,2030000
ZMB,2019,2,4,1430000
SWZ,2019,1,,232000
THA,2019,3,26,878885
VNM,2019,8,51,833732
ARG,2019,4,14,70383
LSO,2019,1,,433000
PRK,2019,2,5,15400000
LAO,2019,2,19,507500
ZAF,2019,6,102,754520
BWA,2019,1,,38000
USA,2019,21,152,19501
PER,2019,7,78,43579
KOR,2019,4,21,87887
BOL,2019,5,83,388540
BRA,2019,8,47,10048973
CHN,2019,16,571,5339601
RUS,2019,5,59,50204
PRY,2019,4,40,525197
CHL,2019,3,8,2127
AUS,2019,3,35,19410
IDN,2019,19,466,1221941
ALB,2019,3,51,207825
ECU,2019,4,16,3409
IRN,2019,5,83,10026386
TUR,2019,4,19,16743
FRA,2019,11,1452,3312
PNG,2019,4,12,16801
JPN,2019,10,288,538220
NZL,2019,1,21,23
TJK,2019,1,4,6750
AFG,2019,7,211,130942
ZWE,2019,2,654,270486
HTI,2019,2,14,4433
ESP,2019,6,24,3893
AGO,2019,3,71,16520
UGA,2019,8,215,209553
MAR,2019,3,39,229
GHA,2019,2,32,26102
SLE,2019,2,7,10381
BIH,2019,2,1,759
DJI,2019,1,11,250000
VEN,2019,1,6,2000
MYS,2019,4,2,22477
SAU,2019,3,20,1418
MRT,2019,1,3,33600
MMR,2019,3,128,8075
MEX,2019,6,16,4842
ITA,2019,6,7,1742
BDI,2019,3,61,13715
CAN,2019,2,2,19500
MLI,2019,2,15,6981
MDV,2019,1,,1800
NER,2019,2,52,223000
TCD,2019,2,52,460
KHM,2019,1,12,435000
CIV,2019,1,12,14646
GBR,2019,3,167,4800
URY,2019,3,,13103
MWI,2019,3,68,991755
ROU,2019,1,4,362
GEO,2019,1,,5088
RWA,2019,2,28,5958
MDG,2019,3,17,21393
SYR,2019,1,2,235000
IRQ,2019,1,10,5865
MNG,2019,3,12,3000
LBY,2019,1,4,20030
OMN,2019,1,6,
NPL,2019,2,147,97395
BGD,2019,6,260,7884067
SEN,2019,1,6,8968
SRB,2019,1,,11650
HRV,2019,1,1,65
NOR,2019,1,1,150
CMR,2019,1,54,
DZA,2019,1,8,125025
BEL,2019,3,716,
AUT,2019,2,12,
DEU,2019,3,5,
NLD,2019,1,400,
MDA,2019,1,,5460
CHE,2019,2,5,
PRT,2019,1,3,51
ARM,2019,1,,11700
SVK,2019,1,1,
POL,2019,1,4,157
LBN,2019,1,3,11009
HUN,2019,1,,150000
GMB,2019,1,4,15101
CUB,2019,1,6,10111
GRC,2019,1,7,123
LUX,2019,1,,1519
BHS,2019,1,356,14940
COM,2019,2,8,345311
FSM,2019,1,,10000
MHL,2019,1,,
TWN,2019,1,2,
SDN,2020,3,193,877150
COD,2020,7,138,231506
NGA,2020,5,312,194312
PRY,2020,1,20,106127
VCT,2020,1,8,1760
LCA,2020,1,3,1318
DJI,2020,2,8,110000
ERI,2020,1,,
KEN,2020,3,285,5310655
PAK,2020,7,630,2560289
TZA,2020,5,43,65081
UGA,2020,7,35,140200
IRN,2020,9,52,243650
MDG,2020,3,44,1790046
LSO,2020,1,,766000
MLI,2020,1,,6800000
NER,2020,3,83,4382620
AGO,2020,3,33,1663916
BFA,2020,4,13,3030452
MRT,2020,3,9,1419982
BRA,2020,7,163,18280
USA,2020,23,253,41431
MOZ,2020,3,24,2853700
NZL,2020,3,,2895
CHN,2020,12,463,14925979
UKR,2020,3,19,56968
BOL,2020,3,31,163611
LBN,2020,1,,
ISR,2020,2,7,21
SYR,2020,1,3,140079
TUR,2020,10,233,87810
HRV,2020,2,9,228349
DZA,2020,1,,15000
PRI,2020,3,5,5228
IDN,2020,29,210,909980
PHL,2020,9,202,6116533
MEX,2020,8,82,123599
GRC,2020,4,14,4369
ECU,2020,2,,18975
BIH,2020,1,,15000
URY,2020,2,,720
AFG,2020,7,328,51817
THA,2020,7,44,1196084
MNG,2020,4,10,49105
YEM,2020,4,202,173374
RWA,2020,5,111,22455
FRA,2020,8,1944,13917
PER,2020,4,30,7264
EGY,2020,1,40,20400
VNM,2020,11,310,2198070
TUN,2020,1,6,40000
PNG,2020,5,42,61000
ZAF,2020,2,13,410
COL,2020,6,66,334429
CZE,2020,2,3,29
SRB,2020,1,,3600
MMR,2020,2,174,26554
ITA,2020,7,18,12064
TCD,2020,2,3,36934
GEO,2020,1,,5133
SEN,2020,1,11,17000
LKA,2020,3,10,152765
CMR,2020,1,,26402
ZMB,2020,3,3,705772
UZB,2020,1,4,70060
NAM,2020,1,,1000
AUS,2020,3,1,
IND,2020,11,2316,19648352
CIV,2020,1,24,18657
ARG,2020,2,3,3250
GUF,2020,1,,139
MYS,2020,5,,21883
BDI,2020,3,5,41762
GTM,2020,5,167,2874142
SSD,2020,1,,1042000
TGO,2020,1,11,57000
VEN,2020,1,3,3690
OMN,2020,1,3,100
HND,2020,4,132,5163484
IRQ,2020,1,8,1500
KAZ,2020,1,,33000
ETH,2020,4,34,1229854
POL,2020,2,3,5206
KOR,2020,5,81,18407
NPL,2020,1,448,117677
CPV,2020,1,1,25000
SAU,2020,1,3,600
GIN,2020,1,,49541
COG,2020,2,20,66000
TJK,2020,1,2,2690
JPN,2020,4,105,250174
SOM,2020,3,41,1311020
GHA,2020,2,7,200
BGD,2020,2,283,8048271
PRK,2020,1,22,85000
TLS,2020,1,3,9131
MWI,2020,1,1,2250
GBR,2020,4,2560,6880
ROU,2020,1,3,1550
SVK,2020,1,1,250
CAN,2020,2,1,72936
BEN,2020,1,6,7000
PAN,2020,3,94,5150
NOR,2020,1,10,1010
SLV,2020,4,75,150365
PSE,2020,1,3,30000
BEL,2020,2,1687,
NLD,2020,1,400,
CHE,2020,2,1,13
AUT,2020,1,,
IRL,2020,2,,
ESP,2020,1,17,2000
SVN,2020,1,1,
SWE,2020,1,1,
DEU,2020,1,9,33
ARM,2020,1,,2836
CUB,2020,2,,4333
DOM,2020,2,6,15595
LAO,2020,2,2,70764
NIC,2020,2,20,930000
FJI,2020,3,8,205115
SLB,2020,1,48,150000
TUV,2020,1,,5500
TWN,2020,1,1,1
KHM,2020,2,44,759360
CRI,2020,1,,25000
TON,2020,1,,25000
VUT,2020,1,3,130120
HTI,2020,1,39,44175
BLZ,2020,1,,60000
NGA,2021,3,3608,187419
NER,2021,2,228,111341
SDN,2021,3,121,322018
GIN,2021,2,6,71837
COD,2021,2,237,291066
PAK,2021,8,264,67213
KEN,2021,2,9,1652253
ZMB,2021,1,,1580000
USA,2021,43,786,78969
SOM,2021,2,25,7500000
CHN,2021,17,455,17888974
AFG,2021,4,396,11035033
ETH,2021,2,16,6800000
SYR,2021,2,1,5642003
SSD,2021,2,7,8558670
TZA,2021,3,1,2132001
ZAF,2021,4,58,12012437
MOZ,2021,3,11,2056082
KAZ,2021,1,,71000
IRN,2021,7,26,5202387
TUV,2021,1,,10204
IRQ,2021,3,16,7010703
BRA,2021,9,62,1608050
ZWE,2021,2,3,169900
IND,2021,19,2126,3833811
TUN,2021,2,3,1000
ARG,2021,3,15,3111
MKD,2021,1,1,80000
CYP,2021,1,4,150
TUR,2021,3,82,568248
GRC,2021,3,3,12547
RUS,2021,5,14,31761
AUS,2021,7,7,28718
ITA,2021,2,1,11600
HND,2021,1,,2503
CAN,2021,4,822,15552
DZA,2021,3,103,45423
BGR,2021,2,,525
IDN,2021,28,511,1579212
MEX,2021,10,65,37345
HTI,2021,4,2582,716146
ECU,2021,4,6,151809
JPN,2021,6,62,40097
TJK,2021,3,24,25110
PER,2021,10,23,48537
BTN,2021,2,10,502
LAO,2021,2,,26000
VUT,2021,1,,3383
RWA,2021,2,,19865
SPI,2021,1,1,6888
VCT,2021,2,,13429
PHL,2021,14,572,12785052
MAR,2021,2,24,1385
MNG,2021,2,12,14480
MYS,2021,8,79,164641
ESP,2021,3,8,250
BIH,2021,1,,250000
COL,2021,11,42,50467
BOL,2021,7,50,303597
VNM,2021,8,35,398343
FRA,2021,9,2,2402
AGO,2021,2,22,9937
YEM,2021,2,46,228208
SVK,2021,1,1,
NPL,2021,4,251,3941
NAM,2021,1,,401
SWE,2021,1,,13500
LKA,2021,5,35,330777
PRY,2021,2,10,6000
SRB,2021,1,,22
GTM,2021,3,2,24616
TCD,2021,1,32,269180
CHL,2021,2,,1131
BEL,2021,3,39,101950
CZE,2021,3,6,3815
PAN,2021,2,1,30190
THA,2021,6,16,958594
NZL,2021,4,1,1880
KHM,2021,4,1,13726
UGA,2021,3,5,117464
STP,2021,1,8,219668
ALB,2021,1,,84
MMR,2021,1,,125000
GEO,2021,1,,1780
BEN,2021,1,13,35850
EGY,2021,1,3,6235
MDG,2021,2,3,2400
BDI,2021,1,,52182
SUR,2021,1,,10100
CHE,2021,3,17,5
NLD,2021,2,,4
VEN,2021,2,46,1401300
SLV,2021,1,5,300
GUY,2021,1,,34500
GHA,2021,2,9,326
AUT,2021,1,1,
DEU,2021,3,227,1604
LUX,2021,1,,
POL,2021,3,4,2015
CRI,2021,1,3,200000
BGD,2021,2,24,1568744
PRK,2021,1,,5000
CAF,2021,1,,3957
SVN,2021,1,,1500
COG,2021,1,24,46652
ROU,2021,1,1,100
KGZ,2021,1,15,
UZB,2021,1,8,6
TWN,2021,2,18,
UKR,2021,1,1,1700
OMN,2021,2,20,90
GMB,2021,1,10,16949
GBR,2021,1,1,
MWI,2021,1,13,55551
LSO,2021,1,,2550
NCL,2021,1,,
TLS,2021,1,41,143670
MDV,2021,1,,1320
BRB,2021,1,,3300
DOM,2021,2,2,4178
CUB,2021,2,,
HKG,2021,2,2,175
SWZ,2021,1,,
PLW,2021,1,,7288
LCA,2021,1,1,
KOR,2021,1,,600
FJI,2021,1,6,82751
HTI,2022,4,520,16915
TZA,2022,2,14,60583
ETH,2022,3,271,24384831
KEN,2022,1,202,12123
NPL,2022,6,196,67113
LBN,2022,1,11,803
MWI,2022,6,1902,3777400
CMR,2022,5,316,2556202
SYR,2022,2,89,365654
NGA,2022,4,788,21919398
UGA,2022,6,2596,599306
COD,2022,7,236,26234265
LBR,2022,1,71,5528
ZWE,2022,3,750,9551
TLS,2022,1,20,1353
STP,2022,1,,1187
USA,2022,27,508,6934
GBR,2022,5,3475,
ITA,2022,6,18047,333
TCD,2022,2,22,3235591
PRT,2022,3,2215,187
BFA,2022,1,,3500928
MLI,2022,2,10,1814765
MHL,2022,1,,4480
BRA,2022,12,528,224081
DJI,2022,1,,192168
FRA,2022,6,4813,60378
CPV,2022,1,,46093
NER,2022,2,195,4722185
CHN,2022,12,283,6309457
CAF,2022,3,16,2369695
SDN,2022,2,146,12188422
DZA,2022,1,44,6768
CHL,2022,2,3,13051
PAK,2022,5,1808,33016869
RUS,2022,3,23,3252
ESP,2022,2,11324,3500
KOR,2022,4,28,55856
ARG,2022,1,,124085
GRC,2022,2,3092,55000
PER,2022,5,13,4215
GTM,2022,3,55,3378636
JPN,2022,7,112,41334
ECU,2022,6,77,43183
BIH,2022,2,2,4052
TWN,2022,2,1,240
MEX,2022,7,56,55041
IRN,2022,5,103,199655
IDN,2022,20,404,2607555
AFG,2022,8,1462,635414
TUR,2022,3,5,3421
PHL,2022,12,609,7928618
PNG,2022,1,7,1969
TON,2022,1,4,84176
ZMB,2022,1,3,21582
LKA,2022,5,15,178176
BGR,2022,2,1277,10937
DOM,2022,3,2,1435269
TUN,2022,1,1,4000
SEN,2022,1,,20010
MNG,2022,2,,33931
YEM,2022,3,90,219400
ZAF,2022,8,579,199296
LCA,2022,1,,5500
MDG,2022,7,224,490384
URY,2022,1,,160
AUS,2022,5,31,247212
THA,2022,11,21,1381745
VNM,2022,8,60,515165
COL,2022,14,156,269508
SOM,2022,1,,4416
GEO,2022,1,,5200
LAO,2022,1,1,42552
IND,2022,7,2210,2196260
GHA,2022,1,,5000
SSD,2022,1,,1000000
BEN,2022,1,44,73000
MYS,2022,6,50,90719
RWA,2022,3,29,1300
PRI,2022,2,25,
KHM,2022,2,31,167770
CAN,2022,6,17,6000
CIV,2022,1,13,11592
CUB,2022,3,9,3209080
VEN,2022,8,142,186801
GIN,2022,1,,49536
TGO,2022,1,,18596
UZB,2022,1,5,165
SUR,2022,1,,9000
GMB,2022,1,6,17201
HRV,2022,2,731,
MOZ,2022,4,203,1023763
HND,2022,3,14,222457
BOL,2022,1,60,375000
GUY,2022,1,,500
BGD,2022,2,176,8200000
MRT,2022,1,14,28926
SLE,2022,1,12,12982
COG,2022,1,,164679
PAN,2022,1,,150
TTO,2022,1,,100000
CYP,2022,1,101,
DEU,2022,4,8180,2
EST,2022,1,167,
FIN,2022,1,225,
MLT,2022,1,76,
MNE,2022,1,50,
NLD,2022,2,473,
POL,2022,4,770,1512
SVK,2022,1,365,
SWE,2022,1,40,
KGZ,2022,1,,13850
BEL,2022,2,436,
HUN,2022,1,513,
IRL,2022,2,27,
LVA,2022,1,105,
SVN,2022,1,154,
CHE,2022,1,302,
CZE,2022,3,280,3
LUX,2022,1,44,
ALB,2022,1,352,
AUT,2022,2,424,13
DNK,2022,2,253,3
LTU,2022,1,381,
NOR,2022,2,30,
ROU,2022,1,2455,
SRB,2022,1,574,
PSE,2022,1,4,3500
SWZ,2022,1,,1058
IRQ,2022,1,1,5000
NZL,2022,1,,690
FJI,2022,1,1,69564
MUS,2022,1,1,139
REU,2022,1,,13
NIC,2022,2,5,50112
SLV,2022,2,11,9373
CRI,2022,1,,300000
GLP,2022,1,1,
BLZ,2022,1,,172150
MOZ,2023,4,338,4654026
SSD,2023,1,1,178
NGA,2023,3,1330,52847
SOM,2023,6,239,3334387
COG,2023,2,75,1885992
ZWE,2023,2,721,4217
ZMB,2023,4,742,196828
MDV,2023,1,,455
PER,2023,7,319,695962
BGD,2023,5,147,3250018
MLI,2023,1,35,1163
NPL,2023,4,191,338745
BFA,2023,1,10,3050
COD,2023,8,2946,67726
KGZ,2023,1,,3618
CPV,2023,1,8,18208
GNQ,2023,1,23,1
CRI,2023,1,,14403
MYS,2023,5,106,207320
BRA,2023,16,171,1239520
SYR,2023,6,5670,8715250
BWA,2023,1,,37000
URY,2023,3,2,412587
IDN,2023,15,96,18911788
LSO,2023,2,2,700017
HND,2023,3,5,56958
USA,2023,25,540,28033
CHN,2023,17,386,2864655
ESP,2023,6,8356,32800
ITA,2023,8,12771,47810
BOL,2023,6,44,2258970
FSM,2023,1,,113401
IND,2023,17,2135,15242115
CAN,2023,4,10,31450
RUS,2023,4,36,28276
GRC,2023,5,4379,24521
CHL,2023,4,33,64589
DZA,2023,2,42,31694
KOR,2023,3,61,11034
ARG,2023,4,13,52820
PRT,2023,2,1432,1435
FRA,2023,8,2737,527509
KAZ,2023,1,14,300
PAK,2023,13,380,120768
TUR,2023,8,53057,16108079
IRN,2023,6,9,307788
PNG,2023,1,8,16274
TJK,2023,2,21,2205
ISL,2023,2,,3665
PHL,2023,15,132,11286950
AFG,2023,6,1723,407984
JPN,2023,6,15,10814
MAR,2023,1,2946,845674
ECU,2023,4,119,216810
GTM,2023,3,164,4524384
PRY,2023,2,6,46675
GEO,2023,2,18,350000
VNM,2023,6,30,305153
MEX,2023,2,95,988000
ETH,2023,2,151,1740000
HKG,2023,3,,205
KEN,2023,3,214,857161
MNG,2023,4,14,964435
LBR,2023,1,,15200
AUS,2023,6,10,4137
COL,2023,4,30,46394
BIH,2023,2,1,10020
CUB,2023,2,6,18500
HTI,2023,2,80,225143
YEM,2023,2,255,308333
SRB,2023,5,467,15662
CMR,2023,2,29,95260
SVN,2023,3,102,1503123
LKA,2023,5,9,288848
GHA,2023,2,8,41114
TZA,2023,4,140,2904841
ZAF,2023,6,71,9667
LAO,2023,1,7,110129
HRV,2023,3,562,6277
BDI,2023,2,21,9585
DOM,2023,3,38,600402
GIN,2023,1,8,25072
BEL,2023,3,326,3000
BLR,2023,1,,420
RWA,2023,1,131,51982
VEN,2023,1,12,112
THA,2023,3,6,271323
MMR,2023,5,205,1276747
MRT,2023,1,1,7200
NZL,2023,3,15,16203
NAM,2023,1,,2190
LVA,2023,2,58,200
UKR,2023,2,12,2873
NER,2023,1,41,169651
AGO,2023,2,84,160725
UGA,2023,1,23,1016
CZE,2023,2,361,
BGR,2023,4,1678,4036
CHE,2023,3,298,15040
AUT,2023,2,494,
JOR,2023,1,,2000
LBN,2023,1,,1024200
ALB,2023,1,363,
DNK,2023,1,189,
GBR,2023,2,1851,
MNE,2023,1,41,
POL,2023,1,616,
IRL,2023,1,60,
HUN,2023,1,294,
LIE,2023,1,1,
LUX,2023,1,33,
NLD,2023,2,369,
EST,2023,1,103,
CYP,2023,1,151,
DEU,2023,4,6380,
FIN,2023,1,138,
LTU,2023,1,247,
MLT,2023,1,70,
NOR,2023,1,29,
ROU,2023,3,2587,
SVK,2023,2,247,
SWE,2023,1,13,
MDA,2023,1,4,10
ARM,2023,1,,18000
KHM,2023,1,,14100
IRQ,2023,1,3,
SLE,2023,1,15,17
GAB,2023,1,,3000
LBY,2023,1,13200,1600000
CAF,2023,1,,6066
SLV,2023,1,3,500
SLB,2023,1,,22319
VUT,2023,3,,593702
TWN,2023,3,3,258
MWI,2023,1,1209,2269644
GUM,2023,1,2,100000
BRB,2023,1,,179
FJI,2023,1,,230000
MUS,2023,1,1,2500
REU,2023,1,,25000
MDG,2023,2,70,389870
VCT,2023,1,,150
COM,2024,2,149,74497
ZMB,2024,2,9,9800496
ZWE,2024,2,13,7600579
MOZ,2024,3,164,549937
SDN,2024,2,1640,374554
SSD,2024,2,1567,1494549
YEM,2024,5,1022,1053160
DZA,2024,3,73,12651
BDI,2024,3,29,241373
RWA,2024,2,27,72
AFG,2024,9,2023,681414
BIH,2024,3,936,6749
PAN,2024,2,29,33124
UGA,2024,5,266,92265
COL,2024,6,35,1405456
MWI,2024,4,30,6208023
VNM,2024,10,379,4033968
NAM,2024,1,,1655000
AGO,2024,1,,2800000
GRD,2024,2,8,112027
ESP,2024,5,6976,36615
MHL,2024,2,,33456
CHN,2024,19,515,203687
BRA,2024,11,275,3363588
USA,2024,29,1464,13536
NPL,2024,5,379,2593060
CAN,2024,7,3,3520
CHL,2024,4,137,74117
GRC,2024,3,5981,900
BOL,2024,5,6,32357
BLZ,2024,2,,962
ZAF,2024,6,91,72424
GTM,2024,5,28,670955
TUR,2024,3,10,2617
PER,2024,5,14,11646
PRT,2024,2,947,41499
SYR,2024,2,,24700
CUB,2024,5,10,4596007
IRN,2024,5,48,304957
TWN,2024,4,38,4461
IDN,2024,20,290,802390
KAZ,2024,2,2,120067
PNG,2024,3,698,12851
PHL,2024,18,514,28665372
VUT,2024,1,14,80265
JPN,2024,6,846,214154
MDG,2024,4,48,251154
IRQ,2024,1,3,18017
TJK,2024,1,3,40
IND,2024,15,1507,18855036
BGD,2024,6,124,48778944
ARM,2024,1,4,429
KGZ,2024,3,6,107401
SOM,2024,1,9,226000
ARE,2024,2,4,346
TZA,2024,4,191,208151
OMN,2024,2,27,1391
KOR,2024,3,27,6070
URY,2024,2,,103588
KEN,2024,4,389,325680
AUS,2024,3,3,10608
ECU,2024,2,25,121127
FRA,2024,5,2460,3262
TCD,2024,2,577,1945674
ETH,2024,3,275,197075
CIV,2024,1,26,227
MMR,2024,3,510,1106940
GIN,2024,1,5,176000
THA,2024,7,165,781568
NGA,2024,3,359,1791976
LAO,2024,4,13,312289
SLE,2024,1,,23596
SEN,2024,1,,55600
GAB,2024,1,,13400
CRI,2024,3,8,1102086
HTI,2024,5,44,185030
LBY,2024,1,5,3335
BEN,2024,1,,34052
TGO,2024,1,,12700
MLI,2024,1,92,380154
BFA,2024,1,,7684
PAK,2024,6,1082,580808
NER,2024,1,396,1527058
COD,2024,5,399,2480150
CYP,2024,2,218,469
LKA,2024,4,62,1008055
RUS,2024,1,3,38400
LBR,2024,1,2,51000
MAR,2024,2,43,168
DOM,2024,2,2,30000
ARG,2024,3,1,802406
DEU,2024,2,6294,3407
PRK,2024,1,,4200
CMR,2024,2,50,500008
CAF,2024,1,,2700
MEX,2024,8,216,29749
LBN,2024,1,,2975000
FIN,2024,1,152,
ITA,2024,3,19042,1003
NLD,2024,2,235,
SRB,2024,1,2515,
SVN,2024,1,280,
SWE,2024,1,30,
ROU,2024,2,4950,15000
POL,2024,2,1789,57000
NOR,2024,1,18,
LUX,2024,1,15,
IRL,2024,2,37,
BGR,2024,1,3414,
BEL,2024,1,249,
SAU,2024,1,1301,2764
KHM,2024,1,,
AUT,2024,2,1060,2220
CHE,2024,2,369,
CZE,2024,2,557,250000
DNK,2024,1,174,
HRV,2024,1,1255,
LTU,2024,1,329,
SVK,2024,2,523,
EST,2024,1,85,
GBR,2024,2,578,750
HUN,2024,1,1443,
LVA,2024,1,71,
MNE,2024,1,135,
SPI,2024,1,2,
NZL,2024,1,,1200
SLV,2024,2,19,9050
NIC,2024,2,2,
BWA,2024,1,,105000
MUS,2024,1,2,100000
REU,2024,1,4,700
BRB,2024,1,,2500
VEN,2024,1,9,29000
VCT,2024,1,8,40028
HND,2024,2,3,129216
JAM,2024,2,5,160060
MYT,2024,1,35,231373
AGO,2025,1,776,27728
SOM,2025,5,119,6630860
COD,2025,8,547,289836
ZMB,2025,2,4,25271
COG,2025,2,91,61631
KGZ,2025,1,9,9281
MDG,2025,9,27,1279026
TZA,2025,3,36,11003
NGA,2025,5,1443,427696
ETH,2025,4,18,181585
BRA,2025,10,43,22080
NPL,2025,6,89,1226697
KEN,2025,2,51,2156327
USA,2025,30,463,27092
SYR,2025,3,2,16413000
CHE,2025,1,1,
CHN,2025,15,375,463216
JPN,2025,6,9,11460
KOR,2025,3,62,27664
CHL,2025,4,24,59198
ARG,2025,4,135,240000
SLE,2025,2,,15260
AUS,2025,4,7,50432
CYP,2025,1,2,599
ISR,2025,2,,23
BOL,2025,4,121,3109642
IRN,2025,5,16,94001
TUR,2025,5,13,2957
FRA,2025,2,,2142
PRT,2025,1,3,246
ECU,2025,2,55,197810
AFG,2025,4,2269,2718820
TWN,2025,5,46,6488
MMR,2025,5,3846,1522114
GTM,2025,3,34,33826
IDN,2025,20,1273,3355637
BGD,2025,5,28,25961
COL,2025,5,162,431323
PER,2025,5,50,65780
THA,2025,14,401,5808483
PHL,2025,16,621,33245861
TJK,2025,1,1,4020
VEN,2025,3,14,24305
RUS,2025,1,,169
CRI,2025,2,,918948
IND,2025,16,717,3767707
GMB,2025,2,9,21377
MAR,2025,1,52,2838
MYS,2025,7,21,52314
HTI,2025,2,57,2304137
BWA,2025,1,9,190343
PAK,2025,3,1067,6901238
CPV,2025,1,17,119000
YEM,2025,1,82,455095
KHM,2025,1,,67000
GNQ,2025,1,,23115
VNM,2025,14,258,3505378
NER,2025,1,110,268215
BGR,2025,1,4,100
UGA,2025,2,45,15285
MEX,2025,3,109,211929
UKR,2025,1,9,2010
DZA,2025,1,5,1350
IRQ,2025,4,6,49550
EGY,2025,1,,6000
ITA,2025,3,2,550
BIH,2025,1,,3000
ZAF,2025,2,127,20705
HKG,2025,3,,1001
ROU,2025,1,3,2500
CAF,2025,1,,2500
SDN,2025,2,432,10000
SSD,2025,1,20,960000
GEO,2025,2,3,48870
TCD,2025,1,22,123019
HND,2025,2,17,59073
MWI,2025,3,84,250598
HRV,2025,1,,
NAM,2025,1,16,
LAO,2025,2,15,182134
LKA,2025,2,854,1705744
CIV,2025,1,12,7
PNG,2025,1,21,
URY,2025,1,7,3000
ESP,2025,3,1,1018
LBN,2025,1,,
PRY,2025,1,,
GBR,2025,1,,2055
ALB,2025,2,2,840
MOZ,2025,3,223,2028686
BEN,2025,1,,1368
CAN,2025,1,,396
PSE,2025,1,18,235020
GIN,2025,1,15,10
GNB,2025,1,,3032
GRC,2025,1,,
SVN,2025,1,,
SPI,2025,1,,
AZO,2025,1,,600
ARM,2025,1,4,20000
REU,2025,1,5,606
PRI,2025,2,1,
BHS,2025,2,,2600
JAM,2025,1,62,1900340
MAC,2025,1,,5
BMU,2025,1,,
CUB,2025,2,3,2200017
PAN,2025,1,3,800
DOM,2025,2,6,1277237
BGD,2026,2,267,5579
URY,2026,1,,15000
ARG,2026,2,,13501
AUS,2026,2,3,977
CAF,2026,1,,1352
CMR,2026,1,1,23199
USA,2026,6,129,1072
MEX,2026,1,1,16152
PAK,2026,3,103,2517
GRC,2026,1,,420
AFG,2026,6,305,168294
IDN,2026,6,109,23756
KEN,2026,2,77,542
COD,2026,5,227,367171
CHN,2026,1,42,61500
ZWE,2026,1,109,41536
DOM,2026,2,13,188122
COL,2026,2,62,730003
TUN,2026,1,5,25000
DZA,2026,1,1,6000
SYR,2026,2,10,55305
AGO,2026,2,45,57785
MWI,2026,1,29,140142
IRQ,2026,1,4,31320
ETH,2026,1,131,14263
AZE,2026,1,1,167
MAR,2026,1,43,2000023
RUS,2026,1,6,1500000
BRA,2026,4,75,13002
TZA,2026,1,20,605
FRA,2026,2,10,331
JPN,2026,1,35,393
BIH,2026,2,2,
NLD,2026,1,,
MNG,2026,1,5,39183
ZAF,2026,1,2,150
ECU,2026,1,14,68286
GAB,2026,1,,6155
VNM,2026,3,6,56420
YEM,2026,1,30,83760
LBR,2026,1,,3704
ALB,2026,1,1,2400
NZL,2026,2,1,
GBR,2026,1,1,180
ESP,2026,1,2,90
PRT,2026,1,2,
HRV,2026,1,,152
VEN,2026,1,5,
MOZ,2026,1,4,6170
MDG,2026,2,85,681811
FSM,2026,1,,34000
GUM,2026,1,,
MNP,2026,1,,
PHL,2026,1,7,645612
PNG,2026,1,23,200007
SLB,2026,1,8,340641
FJI,2026,1,1,75000
